{
  "id": "HLTH471",
  "title": "Women's Health",
  "credits": "3",
  "description": "Restriction: Must be in a program in the Harriet Tubman Department of Women, Gender, and Sexuality Studies; or must be in a major within SPHL-Behavioral & Community Health department.\nCross-listed with: WGSS471.\nCredit only granted for: HLTH471, WMST471, or WGSS471..\nFormerly: WMST471.",
  "grading-method": [
    "Reg",
    "P-F",
    "Aud"
  ],
  "sections": [
    {
      "id": "WB11",
      "instructors": [
        "M Reynolds"
      ],
      "seats": 60,
      "open-seats": 42,
      "waitlist": 0,
      "days": "",
      "start": "",
      "end": "",
      "building": "",
      "room": "ONLINE"
    }
  ],
  "term": "202112",
  "department": "Health",
  "updated": "2022-01-21T18:37:40.289553Z"
}