{
  "id": "HLTH432",
  "title": "Medical Terminology",
  "credits": "3",
  "description": "Credit only granted for: HLTH432 or HLTH498T.\nFormerly: HLTH498T.",
  "grading-method": [
    "Reg",
    "P-F",
    "Aud"
  ],
  "sections": [
    {
      "id": "WB11",
      "instructors": [
        "Katherine Sharp"
      ],
      "seats": 125,
      "open-seats": 22,
      "waitlist": 0,
      "days": "",
      "start": "",
      "end": "",
      "building": "",
      "room": "ONLINE"
    }
  ],
  "term": "202112",
  "department": "Health",
  "updated": "2022-01-21T18:37:39.216347Z"
}