{
  "id": "HLTH106",
  "title": "Drug Use and Abuse",
  "credits": "3",
  "description": "An interdisciplinary analysis of contemporary drug issues and problems. The course will examine physiological, psychological, social, philosophical, historical, legal and health aspects of drug use and abuse. Special attention will be focused on those general motivations for drug use that attend life on the college campus.",
  "grading-method": [
    "Reg",
    "P-F",
    "Aud"
  ],
  "sections": [
    {
      "id": "WB11",
      "instructors": [
        "Tracy Zeeger"
      ],
      "seats": 60,
      "open-seats": 53,
      "waitlist": 0,
      "days": "",
      "start": "",
      "end": "",
      "building": "",
      "room": "ONLINE"
    }
  ],
  "term": "202112",
  "department": "Health",
  "updated": "2022-01-21T18:37:30.560620Z"
}