{
  "id": "HLTH377",
  "title": "Human Sexuality",
  "credits": "3",
  "description": "The biological and developmental aspects of human sexuality; the psychological and emotional aspects of sexual behavior; sexual identity; the historical, cultural, social, linguistic, legal and moral forces affecting sexual issues; the importance of communication, disclosure and intimacy in interpersonal relationships; and research trends in the area of human sexuality.",
  "grading-method": [
    "Reg",
    "P-F",
    "Aud"
  ],
  "sections": [
    {
      "id": "WB11",
      "instructors": [
        "Jenna Messman"
      ],
      "seats": 200,
      "open-seats": 124,
      "waitlist": 0,
      "days": "",
      "start": "",
      "end": "",
      "building": "",
      "room": "ONLINE"
    }
  ],
  "term": "202112",
  "department": "Health",
  "updated": "2022-01-21T18:37:38.133440Z"
}