{
  "id": "HLTH264",
  "title": "Tweets & Likes: Digital Health & Social Media",
  "credits": "3",
  "description": "Restriction: Must not be in the Community Health program.",
  "grading-method": [
    "Reg",
    "P-F",
    "Aud"
  ],
  "sections": [
    {
      "id": "WB11",
      "instructors": [
        "Azieb Kidanu"
      ],
      "seats": 40,
      "open-seats": 12,
      "waitlist": 0,
      "days": "",
      "start": "",
      "end": "",
      "building": "",
      "room": "ONLINE"
    }
  ],
  "term": "202112",
  "department": "Health",
  "updated": "2022-01-21T18:37:34.863952Z"
}