{
  "id": "HLTH140",
  "title": "Personal and Community Health",
  "credits": "3",
  "description": "Meaning and significance of physical, mental and social health as related to the individual and to society; important phases of national health problems; constructive methods of promoting health of the individual and the community.",
  "grading-method": [
    "Reg",
    "P-F",
    "Aud"
  ],
  "sections": [
    {
      "id": "WB11",
      "instructors": [
        "James Butler"
      ],
      "seats": 60,
      "open-seats": 47,
      "waitlist": 0,
      "days": "",
      "start": "",
      "end": "",
      "building": "",
      "room": "ONLINE"
    }
  ],
  "term": "202112",
  "department": "Health",
  "updated": "2022-01-21T18:37:32.706716Z"
}