{
  "id": "HLTH366",
  "title": "Behavioral and Community Issues in Public Health",
  "credits": "3",
  "description": "Prerequisite: HLTH130, HLTH230, PSYC100, SOCY100, SOCY105, or ANTH260.\nRestriction: Must be in Public Health Science program; or permission of SPHL-Behavioral & Community Health department. And must have earned a minimum of 45 credits.\nAdditional information: This course will initially be restricted to Public Health Science (PHSC) majors, but could ultimately be opened to other majors, particularly those in HLTH.",
  "grading-method": [
    "Reg",
    "Aud"
  ],
  "sections": [
    {
      "id": "WB11",
      "instructors": [
        "Evelyn King-Marshall"
      ],
      "seats": 40,
      "open-seats": 12,
      "waitlist": 0,
      "days": "",
      "start": "",
      "end": "",
      "building": "",
      "room": "ONLINE"
    }
  ],
  "term": "202112",
  "department": "Health",
  "updated": "2022-01-21T18:37:37.042396Z"
}