{
  "id": "HLTH124",
  "title": "Introduction to Behavioral and Community Health",
  "credits": "1",
  "description": "Restriction: Must be in a major within the SPHL-Behavioral & Community Health department.",
  "grading-method": [
    "Reg",
    "Aud"
  ],
  "sections": [
    {
      "id": "WB11",
      "instructors": [
        "M Reynolds"
      ],
      "seats": 40,
      "open-seats": 21,
      "waitlist": 0,
      "days": "",
      "start": "",
      "end": "",
      "building": "",
      "room": "ONLINE"
    }
  ],
  "term": "202112",
  "department": "Health",
  "updated": "2022-01-21T18:37:31.638659Z"
}