{
  "id": "HLTH234",
  "title": "Global Health Messages: Understanding Exposure & Impact",
  "credits": "3",
  "description": "Restriction: Must not be in the Community Health program.",
  "grading-method": [
    "Reg",
    "P-F",
    "Aud"
  ],
  "sections": [
    {
      "id": "WB11",
      "instructors": [
        "Sacha St-Onge Ahmad"
      ],
      "seats": 25,
      "open-seats": 1,
      "waitlist": 0,
      "days": "",
      "start": "",
      "end": "",
      "building": "",
      "room": "ONLINE"
    }
  ],
  "term": "202112",
  "department": "Health",
  "updated": "2022-01-21T18:37:33.793094Z"
}