{
  "id": "ENCH799",
  "title": "Master's Thesis Research; Masters Thesis Research",
  "credits": "1",
  "description": "",
  "grading-method": [
    "S-F"
  ],
  "sections": [
    {
      "id": "0126",
      "instructors": [
        "Srinivasa Raghavan"
      ],
      "seats": 5,
      "open-seats": 5,
      "waitlist": 0,
      "days": "",
      "start": "",
      "end": "",
      "building": "",
      "room": ""
    }
  ],
  "term": "202112",
  "department": "Engineering, Chemical",
  "updated": "2022-01-21T18:34:45.820286Z"
}