{
  "id": "HONR348N",
  "title": "Advanced Honors Seminar; Culture and Earth: Transformation and Adaptation-New Zealand",
  "credits": "3",
  "description": "Cross-listed with LARC489N and HONR338B.\n\nThis course will investigate the sustainable natural and cultural systems of New Zealand through the virtual exploration of historic sites, monumental structures, art and artifact museums, aboriginal settlements, natural wonders, and environmental restorations. You will receive instruction in the practice of field sketching and observations and learn about the sustainable landscapes and best environmental practices of the South and North Islands of New Zealand. We will also investigate the cultural system that evolved from colonization and shapes New Zealand's society today.\n\nThis is a Global Classrooms course, developed in partnership with the Office of International Affairs (OIA) to provide opportunities for virtual, project-based, international collaboration.",
  "grading-method": [
    "Reg",
    "P-F",
    "Aud"
  ],
  "sections": [
    {
      "id": "GC01",
      "instructors": [
        "Dennis Nola"
      ],
      "seats": 20,
      "open-seats": 14,
      "waitlist": 0,
      "days": "MTuWThF",
      "start": "11:00am",
      "end": "12:30pm",
      "building": "",
      "room": "ONLINE"
    }
  ],
  "term": "202112",
  "department": "Honors",
  "updated": "2022-01-21T18:37:47.251355Z"
}