{
  "id": "BUSI718C",
  "title": "Special Topics in Business; Organizational Change",
  "credits": "2",
  "description": "",
  "grading-method": [
    "Reg"
  ],
  "sections": [
    {
      "id": "WW01",
      "instructors": [
        "Myeong-Gu Seo"
      ],
      "seats": 50,
      "open-seats": 3,
      "waitlist": 0,
      "days": "MW",
      "start": "6:30pm",
      "end": "8:00pm",
      "building": "",
      "room": "ONLINE"
    },
    {
      "id": "WW02",
      "instructors": [
        "Sheetal Singh"
      ],
      "seats": 50,
      "open-seats": 3,
      "waitlist": 0,
      "days": "MW",
      "start": "8:30pm",
      "end": "10:00pm",
      "building": "",
      "room": "ONLINE"
    }
  ],
  "term": "202112",
  "department": "Part-Time MBA Program",
  "updated": "2022-01-21T18:32:29.218234Z"
}