{
  "id": "BUSI718B",
  "title": "Special Topics in Business; International Business",
  "credits": "2",
  "description": "",
  "grading-method": [
    "Reg"
  ],
  "sections": [
    {
      "id": "WW01",
      "instructors": [
        "Martin Dresner"
      ],
      "seats": 50,
      "open-seats": 5,
      "waitlist": 0,
      "days": "TuTh",
      "start": "8:30pm",
      "end": "10:00pm",
      "building": "",
      "room": "ONLINE"
    },
    {
      "id": "WW02",
      "instructors": [
        "Jeffrey Mund"
      ],
      "seats": 50,
      "open-seats": 5,
      "waitlist": 0,
      "days": "TuTh",
      "start": "8:45pm",
      "end": "10:15pm",
      "building": "",
      "room": "ONLINE"
    }
  ],
  "term": "202112",
  "department": "Part-Time MBA Program",
  "updated": "2022-01-21T18:32:28.124192Z"
}