{
  "id": "BUSI718E",
  "title": "Special Topics in Business; Sustainability: Economics and Strategy",
  "credits": "2",
  "description": "",
  "grading-method": [
    "Reg"
  ],
  "sections": [
    {
      "id": "WW01",
      "instructors": [
        "Rachelle Sampson"
      ],
      "seats": 50,
      "open-seats": 1,
      "waitlist": 0,
      "days": "TuTh",
      "start": "6:30pm",
      "end": "8:00pm",
      "building": "",
      "room": "ONLINE"
    }
  ],
  "term": "202112",
  "department": "Part-Time MBA Program",
  "updated": "2022-01-21T18:32:30.305618Z"
}