{
  "id": "EDHI788U",
  "title": "Special Topics in Education Policy and Administration; Disability and Education in a Global Context",
  "credits": "3",
  "description": "This course will present an overview of the main theoretical, policy, and practice-related issues on disability and educational systems today. It will include lectures, discussions, and invited guest speakers from different countries to enhance students understanding of disability in/exclusion in various educational systems. The course will also cover the history of the international disability movement and the development of disability inclusion at the higher education level.",
  "grading-method": [
    "Reg",
    "Aud",
    "S-F"
  ],
  "sections": [
    {
      "id": "WB11",
      "instructors": [
        "Luanjiao Hu"
      ],
      "seats": 20,
      "open-seats": 11,
      "waitlist": 0,
      "days": "Tu",
      "start": "5:00pm",
      "end": "8:00pm",
      "building": "",
      "room": "ONLINE"
    }
  ],
  "term": "202112",
  "department": "Education Leadership, Higher Ed and International Ed",
  "updated": "2022-01-21T18:34:19.196446Z"
}