{
  "id": "EDHI788J",
  "title": "Special Topics in Education Policy and Administration; Education in Conflict and Emergencies",
  "credits": "3",
  "description": "The course will expose students to the importance of education in times of crisis, especially by countries identified internationally by the OECD as \"states of fragility,\" economically less developed countries that experience greater occurrences of violent conflict, disasters and pandemics.",
  "grading-method": [
    "Reg",
    "Aud"
  ],
  "sections": [
    {
      "id": "WB11",
      "instructors": [
        "Anne Corwith"
      ],
      "seats": 20,
      "open-seats": 12,
      "waitlist": 0,
      "days": "W",
      "start": "5:00pm",
      "end": "8:00pm",
      "building": "",
      "room": "ONLINE"
    }
  ],
  "term": "202112",
  "department": "Education Leadership, Higher Ed and International Ed",
  "updated": "2022-01-21T18:34:18.114923Z"
}