{
  "id": "EDHI888",
  "title": "Apprenticeship in Education",
  "credits": "1",
  "description": "",
  "grading-method": [
    "Reg",
    "Aud"
  ],
  "sections": [
    {
      "id": "0101",
      "instructors": [
        "Sharon Fries-Britt"
      ],
      "seats": 5,
      "open-seats": 5,
      "waitlist": 0,
      "days": "",
      "start": "",
      "end": "",
      "building": "",
      "room": ""
    },
    {
      "id": "0135",
      "instructors": [
        "Alberto Cabrera Casillas"
      ],
      "seats": 5,
      "open-seats": 5,
      "waitlist": 0,
      "days": "",
      "start": "",
      "end": "",
      "building": "",
      "room": ""
    }
  ],
  "term": "202112",
  "department": "Education Leadership, Higher Ed and International Ed",
  "updated": "2022-01-21T18:34:21.320277Z"
}