{
  "id": "EDHI898",
  "title": "Pre-Candidacy Research",
  "credits": "1",
  "description": "",
  "grading-method": [
    "Reg"
  ],
  "sections": [
    {
      "id": "0114",
      "instructors": [
        "Jing Lin"
      ],
      "seats": 2,
      "open-seats": 2,
      "waitlist": 0,
      "days": "",
      "start": "",
      "end": "",
      "building": "",
      "room": ""
    }
  ],
  "term": "202112",
  "department": "Education Leadership, Higher Ed and International Ed",
  "updated": "2022-01-21T18:34:23.676841Z"
}