{
  "id": "EDHI788B",
  "title": "Special Topics in Education Policy and Administration; Leadership in Multicultural Teams for Successful Project Management",
  "credits": "3",
  "description": "This course is for scholars and practitioners who work in a global context. Using lectures, dialogue, research, and case studies, we will explore the role of leadership in a global context, particularly when engaging in international development and humanitarian work. The course focuses on working on diverse teams, facilitating projects in a virtual, remote capacity, and leading project implementation.",
  "grading-method": [
    "Reg",
    "Aud",
    "S-F"
  ],
  "sections": [
    {
      "id": "WB11",
      "instructors": [
        "Cameron Busacca",
        "Anne Spear"
      ],
      "seats": 20,
      "open-seats": 8,
      "waitlist": 0,
      "days": "Th",
      "start": "5:00pm",
      "end": "8:00pm",
      "building": "",
      "room": "ONLINE"
    }
  ],
  "term": "202112",
  "department": "Education Leadership, Higher Ed and International Ed",
  "updated": "2022-01-21T18:34:17.034936Z"
}