{
  "id": "COMM398D",
  "title": "Selected Topics in Communication; Basics of Graphic Design for Strategic Communications",
  "credits": "3",
  "description": "",
  "grading-method": [
    "Reg",
    "P-F"
  ],
  "sections": [
    {
      "id": "WB11",
      "instructors": [
        "Erich Sommerfeldt"
      ],
      "seats": 18,
      "open-seats": 8,
      "waitlist": 0,
      "days": "",
      "start": "",
      "end": "",
      "building": "",
      "room": "ONLINE"
    }
  ],
  "term": "202112",
  "department": "Communication",
  "updated": "2022-01-21T18:33:32.393779Z"
}