{
  "id": "COMM360",
  "title": "The Rhetoric of Black America",
  "credits": "3",
  "description": "An historical-critical survey of the rhetoric of Black Americans from the colonial period to the present.",
  "grading-method": [
    "Reg",
    "P-F",
    "Aud"
  ],
  "sections": [
    {
      "id": "WB11",
      "instructors": [
        "Naette Lee"
      ],
      "seats": 35,
      "open-seats": 19,
      "waitlist": 0,
      "days": "",
      "start": "",
      "end": "",
      "building": "",
      "room": "ONLINE"
    }
  ],
  "term": "202112",
  "department": "Communication",
  "updated": "2022-01-21T18:33:27.028494Z"
}