{
  "id": "COMM371",
  "title": "Communication and Digital Media",
  "credits": "3",
  "description": "Restriction: Must be in Communication program.",
  "grading-method": [
    "Reg",
    "P-F",
    "Aud"
  ],
  "sections": [
    {
      "id": "WB11",
      "instructors": [
        "Jaclyn Bruner"
      ],
      "seats": 25,
      "open-seats": 2,
      "waitlist": 0,
      "days": "",
      "start": "",
      "end": "",
      "building": "",
      "room": "ONLINE"
    }
  ],
  "term": "202112",
  "department": "Communication",
  "updated": "2022-01-21T18:33:28.105028Z"
}