{
  "id": "COMM288",
  "title": "Communication Internship",
  "credits": "1",
  "description": "",
  "grading-method": [
    "Reg",
    "P-F",
    "Aud"
  ],
  "sections": [
    {
      "id": "I101",
      "instructors": [
        "Julie Gowin"
      ],
      "seats": 10,
      "open-seats": 10,
      "waitlist": 0,
      "days": "",
      "start": "",
      "end": "",
      "building": "",
      "room": ""
    }
  ],
  "term": "202112",
  "department": "Communication",
  "updated": "2022-01-21T18:33:24.881169Z"
}