{
  "id": "COMM107",
  "title": "Oral Communication: Principles and Practices",
  "credits": "3",
  "description": "Credit only granted for: COMM107, COMM200, ENES143, INAG110, JOUR130 or THET285.",
  "grading-method": [
    "Reg",
    "P-F"
  ],
  "sections": [
    {
      "id": "WB11",
      "instructors": [
        "Junhan Chen"
      ],
      "seats": 19,
      "open-seats": 1,
      "waitlist": 0,
      "days": "MTuWTh",
      "start": "5:00pm",
      "end": "8:30pm",
      "building": "",
      "room": "ONLINE"
    },
    {
      "id": "WB12",
      "instructors": [
        "Yuan Wang"
      ],
      "seats": 19,
      "open-seats": 1,
      "waitlist": 0,
      "days": "MTuWTh",
      "start": "5:00pm",
      "end": "8:30pm",
      "building": "",
      "room": "ONLINE"
    },
    {
      "id": "WB13",
      "instructors": [
        "Umisha Kc"
      ],
      "seats": 19,
      "open-seats": 0,
      "waitlist": 0,
      "days": "MTuWTh",
      "start": "9:00am",
      "end": "12:30pm",
      "building": "",
      "room": "ONLINE"
    },
    {
      "id": "WB14",
      "instructors": [
        "Melissa Lucas"
      ],
      "seats": 19,
      "open-seats": 0,
      "waitlist": 0,
      "days": "MTuWTh",
      "start": "9:00am",
      "end": "12:30pm",
      "building": "",
      "room": "ONLINE"
    },
    {
      "id": "WB15",
      "instructors": [
        "Tong Lin"
      ],
      "seats": 19,
      "open-seats": 1,
      "waitlist": 0,
      "days": "MTuWTh",
      "start": "9:00am",
      "end": "12:30pm",
      "building": "",
      "room": "ONLINE"
    },
    {
      "id": "WB16",
      "instructors": [
        "Jiawen Zhang"
      ],
      "seats": 19,
      "open-seats": 3,
      "waitlist": 0,
      "days": "MTuWTh",
      "start": "9:00am",
      "end": "12:30pm",
      "building": "",
      "room": "ONLINE"
    }
  ],
  "term": "202112",
  "department": "Communication",
  "updated": "2022-01-21T18:33:22.682527Z"
}