{
  "id": "COMM324",
  "title": "Communication and Gender",
  "credits": "3",
  "description": "Explores how communication shapes constructions of gender, sex, sexuality and other identity markers. Topics include issues of oppression, identity, and power and social, political, and economic situations and examines how these issues impact our daily lives.",
  "grading-method": [
    "Reg",
    "P-F",
    "Aud"
  ],
  "sections": [
    {
      "id": "WB11",
      "instructors": [
        "Ari Perez Montes"
      ],
      "seats": 35,
      "open-seats": 1,
      "waitlist": 0,
      "days": "",
      "start": "",
      "end": "",
      "building": "",
      "room": "ONLINE"
    }
  ],
  "term": "202112",
  "department": "Communication",
  "updated": "2022-01-21T18:33:25.955354Z"
}