{
  "id": "COMM382",
  "title": "Essentials of Intercultural Communication",
  "credits": "3",
  "description": "Credit only granted for: COMM382 or COMM482.",
  "grading-method": [
    "Reg",
    "P-F",
    "Aud"
  ],
  "sections": [
    {
      "id": "WB11",
      "instructors": [
        "Xiaojing Wang"
      ],
      "seats": 35,
      "open-seats": 25,
      "waitlist": 0,
      "days": "",
      "start": "",
      "end": "",
      "building": "",
      "room": "ONLINE"
    }
  ],
  "term": "202112",
  "department": "Communication",
  "updated": "2022-01-21T18:33:29.173697Z"
}