{
  "id": "COMM386",
  "title": "Experiential Learning",
  "credits": "3",
  "description": "Prerequisite: Permission of ARHU-Communication department.\nRestriction: Junior standing or higher; and must be in Communication program.",
  "grading-method": [
    "Reg",
    "P-F"
  ],
  "sections": [
    {
      "id": "I101",
      "instructors": [
        "Julie Gowin"
      ],
      "seats": 20,
      "open-seats": 16,
      "waitlist": 0,
      "days": "",
      "start": "",
      "end": "",
      "building": "",
      "room": ""
    }
  ],
  "term": "202112",
  "department": "Communication",
  "updated": "2022-01-21T18:33:30.253603Z"
}