{
  "id": "COMM488I",
  "title": "Communication Portfolio Project; Strategic Interviewing for the Career You Want",
  "credits": "1",
  "description": "This course introduces students to advanced techniques in interviewing for job opportunities and career progression. This online course focuses on the dynamics of the interview process, the communication theories and best practices behind influence and persuasion, and the communication aptitudes and skills that distinguish top candidates.",
  "grading-method": [
    "Reg"
  ],
  "sections": [
    {
      "id": "WB11",
      "instructors": [
        "Drew Ashby-King"
      ],
      "seats": 50,
      "open-seats": 28,
      "waitlist": 0,
      "days": "",
      "start": "",
      "end": "",
      "building": "",
      "room": "ONLINE"
    }
  ],
  "term": "202112",
  "department": "Communication",
  "updated": "2022-01-21T18:33:33.462314Z"
}