{
  "id": "COMM130",
  "title": "Professional Communication and Writing",
  "credits": "1",
  "description": "Restriction: Must be in the Communication major.",
  "grading-method": [
    "Reg",
    "P-F"
  ],
  "sections": [
    {
      "id": "WB11",
      "instructors": [
        "Skye De Saint Felix"
      ],
      "seats": 50,
      "open-seats": 38,
      "waitlist": 0,
      "days": "",
      "start": "",
      "end": "",
      "building": "",
      "room": "ONLINE"
    }
  ],
  "term": "202112",
  "department": "Communication",
  "updated": "2022-01-21T18:33:23.805287Z"
}