{
  "id": "ARTT210",
  "title": "Elements of Drawing II",
  "credits": "3",
  "description": "Prerequisite: ARTT110.",
  "grading-method": [
    "Reg",
    "P-F",
    "Aud"
  ],
  "sections": [
    {
      "id": "WB11",
      "instructors": [
        "Matthew McLaughlin"
      ],
      "seats": 10,
      "open-seats": 5,
      "waitlist": 0,
      "days": "MTuWThF",
      "start": "9:00am",
      "end": "2:00pm",
      "building": "",
      "room": "ONLINE"
    }
  ],
  "term": "202112",
  "department": "Art Studio",
  "updated": "2022-01-21T18:31:52.402440Z"
}