{
  "id": "ARTT110",
  "title": "Elements of Drawing I",
  "credits": "3",
  "description": "Fundamental concepts, media, and processes of drawing. Emphasis on observation and representation in combination with individual expression. Subject matter includes still life, human figure, nature, the built environment, and conceptual projects.",
  "grading-method": [
    "Reg",
    "P-F",
    "Aud"
  ],
  "sections": [
    {
      "id": "WB11",
      "instructors": [
        "Matthew McLaughlin"
      ],
      "seats": 18,
      "open-seats": 0,
      "waitlist": 0,
      "days": "MTuWThF",
      "start": "9:00am",
      "end": "2:00pm",
      "building": "",
      "room": "ONLINE"
    }
  ],
  "term": "202112",
  "department": "Art Studio",
  "updated": "2022-01-21T18:31:51.318465Z"
}