{
  "id": "LGBT327",
  "title": "Lesbian, Gay, Bisexual, and Transgender Film and Video",
  "credits": "3",
  "description": "Restriction: Junior standing or higher.\nCross-listed with: ENGL359F.\nCredit only granted for: LGBT327 or ENGL359F.",
  "grading-method": [
    "Reg",
    "P-F",
    "Aud"
  ],
  "sections": [
    {
      "id": "WB11",
      "instructors": [
        "James Goodwin"
      ],
      "seats": 30,
      "open-seats": 16,
      "waitlist": 0,
      "days": "",
      "start": "",
      "end": "",
      "building": "",
      "room": "ONLINE"
    }
  ],
  "term": "202112",
  "department": "Lesbian Gay Bisexual Transgender Studies",
  "updated": "2022-01-21T18:38:37.215700Z"
}