{
  "id": "NEUR306",
  "title": "Cellular and Molecular Neuroscience",
  "credits": "3",
  "description": "Prerequisite: Earning C- or higher in NEUR200 or BSCI330.\nCorequisite: Must have completed or be concurrently enrolled in PHYS132 or equivalent course.\nCredit only granted for: NEUR306 or BSCI353.",
  "grading-method": [
    "Reg",
    "P-F",
    "Aud"
  ],
  "sections": [
    {
      "id": "WB11",
      "instructors": [
        "Chan Lin"
      ],
      "seats": 4,
      "open-seats": 2,
      "waitlist": 0,
      "days": "",
      "start": "",
      "end": "",
      "building": "",
      "room": "ONLINE"
    }
  ],
  "term": "202112",
  "department": "Neuroscience",
  "updated": "2022-01-21T18:39:07.725217Z"
}