{
  "id": "JWST219O",
  "title": "Jewish Language America",
  "credits": "3",
  "description": "Cross-listed with: HEBR298O.\nCredit only granted for: JWST219O or HEBR298O.",
  "grading-method": [
    "Reg",
    "P-F",
    "Aud"
  ],
  "sections": [
    {
      "id": "WB11",
      "instructors": [
        "Avital Karpman"
      ],
      "seats": 15,
      "open-seats": 7,
      "waitlist": 0,
      "days": "",
      "start": "",
      "end": "",
      "building": "",
      "room": "ONLINE"
    }
  ],
  "term": "202112",
  "department": "Jewish Studies",
  "updated": "2022-01-21T18:38:07.861861Z"
}