{
  "id": "CCJS345",
  "title": "Courts and Sentencing",
  "credits": "3",
  "description": "Prerequisite: CCJS100.\nRestriction: Must be in a major within the BSOS-Criminology & Criminal Justice department.",
  "grading-method": [
    "Reg",
    "P-F",
    "Aud"
  ],
  "sections": [
    {
      "id": "WB11",
      "instructors": [
        "Cortney Fisher"
      ],
      "seats": 40,
      "open-seats": 14,
      "waitlist": 0,
      "days": "",
      "start": "",
      "end": "",
      "building": "",
      "room": "ONLINE"
    }
  ],
  "term": "202112",
  "department": "Criminology and Criminal Justice",
  "updated": "2022-01-21T18:32:41.915372Z"
}