{
  "id": "CCJS100",
  "title": "Introduction to Criminal Justice",
  "credits": "3",
  "description": "Introduction to the administration of criminal justice in a democratic society, with emphasis on the theoretical and historical development of law enforcement. The principles of organization and administration for law enforcement; functions and specific activities; planning and research; public relations; personnel and training; inspection and control; direction; policy formulation.",
  "grading-method": [
    "Reg",
    "P-F",
    "Aud"
  ],
  "sections": [
    {
      "id": "WB11",
      "instructors": [
        "Sara-Laure Faraji"
      ],
      "seats": 40,
      "open-seats": 20,
      "waitlist": 0,
      "days": "",
      "start": "",
      "end": "",
      "building": "",
      "room": "ONLINE"
    }
  ],
  "term": "202112",
  "department": "Criminology and Criminal Justice",
  "updated": "2022-01-21T18:32:38.673320Z"
}