{
  "id": "CCJS418Q",
  "title": "Seminar in Criminology and Criminal Justice; Crime and Place",
  "credits": "3",
  "description": "Prerequisites: CCJS100, CCJS105, and CCJS300.",
  "grading-method": [
    "Reg",
    "P-F",
    "Aud"
  ],
  "sections": [
    {
      "id": "WB11",
      "instructors": [
        "Xuanying Chen"
      ],
      "seats": 40,
      "open-seats": 21,
      "waitlist": 0,
      "days": "",
      "start": "",
      "end": "",
      "building": "",
      "room": "ONLINE"
    }
  ],
  "term": "202112",
  "department": "Criminology and Criminal Justice",
  "updated": "2022-01-21T18:32:45.065238Z"
}