{
  "id": "CCJS614",
  "title": "Criminal Law",
  "credits": "3",
  "description": "Restriction: Students enrolled in the CCJS Masters Program in China.\nCredit only granted for: CCJS614 or CCJS678F.\nFormerly: CCJS678F.",
  "grading-method": [
    "Reg",
    "Aud"
  ],
  "sections": [
    {
      "id": "CH01",
      "instructors": [
        "Mengxue Li",
        "Michael Dravis"
      ],
      "seats": 30,
      "open-seats": 4,
      "waitlist": 0,
      "days": "",
      "start": "",
      "end": "",
      "building": "",
      "room": ""
    }
  ],
  "term": "202112",
  "department": "Criminology and Criminal Justice",
  "updated": "2022-01-21T18:32:47.223751Z"
}