{
  "id": "CCJS105",
  "title": "Introduction to Criminology",
  "credits": "3",
  "description": "Criminal behavior and the methods of its study; causation; typologies of criminal acts and offenders; punishment, correction and incapacitation; prevention of crime.",
  "grading-method": [
    "Reg",
    "P-F",
    "Aud"
  ],
  "sections": [
    {
      "id": "WB11",
      "instructors": [
        "Kyle Dorsey"
      ],
      "seats": 40,
      "open-seats": 17,
      "waitlist": 0,
      "days": "",
      "start": "",
      "end": "",
      "building": "",
      "room": "ONLINE"
    }
  ],
  "term": "202112",
  "department": "Criminology and Criminal Justice",
  "updated": "2022-01-21T18:32:39.753349Z"
}