{
  "id": "CCJS450",
  "title": "Advanced Juvenile Delinquency",
  "credits": "3",
  "description": "Prerequisite: CCJS105 and CCJS300.\nCredit only granted for: CCJS350 or CCJS450.",
  "grading-method": [
    "Reg",
    "P-F",
    "Aud"
  ],
  "sections": [
    {
      "id": "WB11",
      "instructors": [
        "Erin Tinney"
      ],
      "seats": 40,
      "open-seats": 22,
      "waitlist": 0,
      "days": "",
      "start": "",
      "end": "",
      "building": "",
      "room": "ONLINE"
    }
  ],
  "term": "202112",
  "department": "Criminology and Criminal Justice",
  "updated": "2022-01-21T18:32:46.143318Z"
}