{
  "id": "CCJS225",
  "title": "Responses to Violence",
  "credits": "3",
  "description": "Conflict is unfortunately resolved through violence in a number of settings. It ranges from interpersonal to international in its scope. This course investigates the strengths and weakness of a number of resolutions to reducing violence over the course of history using both state centered and informal control.",
  "grading-method": [
    "Reg",
    "P-F",
    "Aud"
  ],
  "sections": [
    {
      "id": "WB11",
      "instructors": [
        "Kyle Dorsey"
      ],
      "seats": 70,
      "open-seats": 3,
      "waitlist": 0,
      "days": "",
      "start": "",
      "end": "",
      "building": "",
      "room": "ONLINE"
    }
  ],
  "term": "202112",
  "department": "Criminology and Criminal Justice",
  "updated": "2022-01-21T18:32:40.840382Z"
}