{
  "id": "HNUH218A",
  "title": "Pursuits of Happiness: Ordinary Lives in the American Revolution",
  "credits": "3",
  "description": "Credit only granted for: HNUH218A or HIST137.",
  "grading-method": [
    "Reg"
  ],
  "sections": [
    {
      "id": "WB11",
      "instructors": [
        "Richard Bell"
      ],
      "seats": 60,
      "open-seats": 48,
      "waitlist": 0,
      "days": "",
      "start": "",
      "end": "",
      "building": "",
      "room": "ONLINE"
    }
  ],
  "term": "202112",
  "department": "University Honors",
  "updated": "2022-01-21T18:37:44.937991Z"
}