{
  "id": "CHEM612",
  "title": "Scientific Presentations",
  "credits": "1",
  "description": "Prerequisite: CHEM611.",
  "grading-method": [
    "S-F"
  ],
  "sections": [
    {
      "id": "0101",
      "instructors": [
        "Neil Blough"
      ],
      "seats": 40,
      "open-seats": 18,
      "waitlist": 0,
      "days": "MTuWThF",
      "start": "10:00am",
      "end": "10:50am",
      "building": "ESJ",
      "room": "2309"
    }
  ],
  "term": "202112",
  "department": "Chemistry",
  "updated": "2022-01-21T18:32:50.696710Z"
}