{
  "id": "CHEM471",
  "title": "Techniques in Pulse NMR",
  "credits": "1",
  "description": "Prerequisite: CHEM241 and CHEM242; or CHEM247.\nRecommended: CHEM460.\nRestriction: Senior standing or higher.\nAdditional information: Persons with heart pacemakers and/or metal implants cannot take the course due to potential health hazards.",
  "grading-method": [
    "Reg",
    "P-F",
    "Aud"
  ],
  "sections": [
    {
      "id": "0101",
      "instructors": [
        "Fu Chen"
      ],
      "seats": 8,
      "open-seats": 6,
      "waitlist": 0,
      "days": "TuTh",
      "start": "11:00am",
      "end": "1:05pm",
      "building": "CHM",
      "room": "ONLINE"
    },
    {
      "id": "0102",
      "instructors": [
        "Fu Chen"
      ],
      "seats": 7,
      "open-seats": 5,
      "waitlist": 0,
      "days": "TuTh",
      "start": "11:00am",
      "end": "1:05pm",
      "building": "CHM",
      "room": "ONLINE"
    }
  ],
  "term": "202112",
  "department": "Chemistry",
  "updated": "2022-01-21T18:32:49.607671Z"
}