{
  "id": "KNES225",
  "title": "Hoop Dreams: Black Masculinity and Sport",
  "credits": "3",
  "description": "Credit only granted for: KNES289R OR KNES225.\nFormerly: KNES289R.",
  "grading-method": [
    "Reg",
    "P-F",
    "Aud"
  ],
  "sections": [
    {
      "id": "WB11",
      "instructors": [
        "Ronald Mower"
      ],
      "seats": 40,
      "open-seats": 33,
      "waitlist": 0,
      "days": "",
      "start": "",
      "end": "",
      "building": "",
      "room": "ONLINE"
    }
  ],
  "term": "202112",
  "department": "Kinesiology",
  "updated": "2022-01-21T18:38:11.510742Z"
}