{
  "id": "KNES350",
  "title": "The Psychology of Sports & Exercise",
  "credits": "3",
  "description": "Restriction: Must have earned a minimum of 45 credits.",
  "grading-method": [
    "Reg",
    "P-F",
    "Aud"
  ],
  "sections": [
    {
      "id": "WB11",
      "instructors": [
        "J Carson Smith"
      ],
      "seats": 50,
      "open-seats": 24,
      "waitlist": 0,
      "days": "",
      "start": "",
      "end": "",
      "building": "",
      "room": "ONLINE"
    }
  ],
  "term": "202112",
  "department": "Kinesiology",
  "updated": "2022-01-21T18:38:15.776238Z"
}