{
  "id": "KNES161T",
  "title": "Physical Education Activities: Coed; Yoga (Beginning)",
  "credits": "1",
  "description": "Students must pay a $40 instructional materials fee.",
  "grading-method": [
    "Reg",
    "P-F"
  ],
  "sections": [
    {
      "id": "WB11",
      "instructors": [
        "Kate Shin"
      ],
      "seats": 30,
      "open-seats": 0,
      "waitlist": 0,
      "days": "",
      "start": "",
      "end": "",
      "building": "",
      "room": "ONLINE"
    }
  ],
  "term": "202112",
  "department": "Kinesiology",
  "updated": "2022-01-21T18:38:10.430411Z"
}