{
  "id": "KNES385",
  "title": "Motor Control and Learning",
  "credits": "3",
  "description": "Prerequisite: Minimum grade of C- in BSCI201; and a minimum grade of C- in the KNES program's Math Requirement (e.g. MATH113, 115, 140).\nRecommended: PHYS121 or KNES289P.\nRestriction: Must be in a major within SPHL-Kinesiology department.",
  "grading-method": [
    "Reg",
    "P-F",
    "Aud"
  ],
  "sections": [
    {
      "id": "WB11",
      "instructors": [
        "Tim Kiemel"
      ],
      "seats": 50,
      "open-seats": 27,
      "waitlist": 0,
      "days": "",
      "start": "",
      "end": "",
      "building": "",
      "room": "ONLINE"
    }
  ],
  "term": "202112",
  "department": "Kinesiology",
  "updated": "2022-01-21T18:38:16.863518Z"
}