{
  "id": "KNES287",
  "title": "Sport and American Society",
  "credits": "3",
  "description": "Recommended: Minimum grade of C- in KNES285.",
  "grading-method": [
    "Reg",
    "P-F",
    "Aud"
  ],
  "sections": [
    {
      "id": "WB11",
      "instructors": [
        "David Andrews"
      ],
      "seats": 50,
      "open-seats": 34,
      "waitlist": 0,
      "days": "",
      "start": "",
      "end": "",
      "building": "",
      "room": "ONLINE"
    }
  ],
  "term": "202112",
  "department": "Kinesiology",
  "updated": "2022-01-21T18:38:12.593097Z"
}