{
  "id": "KNES334",
  "title": "Adapted Physical Activity: Empowering People with Disabilities to Lead a Healthy and Active Lifestyle",
  "credits": "3",
  "description": "Prerequisite: KNES370; or students not in the Kinesiology major may contact the instructor for permission.\nRestriction: Must have earned a minimum of 75 credits.\nCredit only granted for: KNES498L or KNES334.\nFormerly: KNES498L.",
  "grading-method": [
    "Reg",
    "P-F"
  ],
  "sections": [
    {
      "id": "WB11",
      "instructors": [
        "Ana Palla"
      ],
      "seats": 30,
      "open-seats": 0,
      "waitlist": 0,
      "days": "",
      "start": "",
      "end": "",
      "building": "",
      "room": "ONLINE"
    }
  ],
  "term": "202112",
  "department": "Kinesiology",
  "updated": "2022-01-21T18:38:14.706398Z"
}