{
  "id": "KNES462",
  "title": "Neural Basis of Human Movement",
  "credits": "3",
  "description": "Prerequisite: Minimum grade of C- in BSCI201, BSCI202, and KNES385; or permission of SPHL-Kinesiology department.\nRestriction: Must have earned a minimum of 75 credits.",
  "grading-method": [
    "Reg",
    "P-F",
    "Aud"
  ],
  "sections": [
    {
      "id": "WB11",
      "instructors": [
        "Rodolphe Gentili"
      ],
      "seats": 50,
      "open-seats": 31,
      "waitlist": 0,
      "days": "",
      "start": "",
      "end": "",
      "building": "",
      "room": "ONLINE"
    }
  ],
  "term": "202112",
  "department": "Kinesiology",
  "updated": "2022-01-21T18:38:20.028755Z"
}