{
  "id": "INST673",
  "title": "Hands On Machine Learning with Weka",
  "credits": "1",
  "description": "Recommended: It is recommended that students have some familiarity with programming prior to taking this course.\nRestriction: Permission of INFO-College of Information Studies.",
  "grading-method": [
    "Reg",
    "Aud"
  ],
  "sections": [
    {
      "id": "WB11",
      "instructors": [
        "Jennifer Golbeck"
      ],
      "seats": 25,
      "open-seats": 19,
      "waitlist": 0,
      "days": "",
      "start": "",
      "end": "",
      "building": "",
      "room": "ONLINE"
    }
  ],
  "term": "202112",
  "department": "Information Studies",
  "updated": "2022-01-21T18:37:56.947469Z"
}