{
  "id": "INST208C",
  "title": "Special Topics in Information Studies; The Nuts and Bolts of Getting Hired",
  "credits": "1",
  "description": "",
  "grading-method": [
    "Reg",
    "P-F",
    "Aud"
  ],
  "sections": [
    {
      "id": "WB11",
      "instructors": [
        "Katy Lawley"
      ],
      "seats": 30,
      "open-seats": 2,
      "waitlist": 0,
      "days": "",
      "start": "",
      "end": "",
      "building": "",
      "room": "ONLINE"
    }
  ],
  "term": "202112",
  "department": "Information Studies",
  "updated": "2022-01-21T18:37:50.160192Z"
}