{
  "id": "INST633",
  "title": "Analyzing Social Networks and Social Media",
  "credits": "3",
  "description": "Restriction: Permission of INFO-College of Information Studies.\nCredit only granted for: LBSC708L or INST633.\nFormerly: LBSC708L.",
  "grading-method": [
    "Reg"
  ],
  "sections": [
    {
      "id": "WB11",
      "instructors": [
        "Jennifer Golbeck"
      ],
      "seats": 30,
      "open-seats": 3,
      "waitlist": 0,
      "days": "",
      "start": "",
      "end": "",
      "building": "",
      "room": "ONLINE"
    }
  ],
  "term": "202112",
  "department": "Information Studies",
  "updated": "2022-01-21T18:37:53.376162Z"
}