{
  "id": "INST462",
  "title": "Introduction to Data Visualization",
  "credits": "3",
  "description": "Prerequisite: 1 course with a minimum grade of C- from (INST201, INST301); and minimum grade of C- in INST126, INST314, MATH115, PSYC100, and STAT100.\nRestriction: Must be in Information Science program.",
  "grading-method": [
    "Reg",
    "Aud"
  ],
  "sections": [
    {
      "id": "WB11",
      "instructors": [
        "Jennifer Golbeck"
      ],
      "seats": 30,
      "open-seats": 0,
      "waitlist": 0,
      "days": "",
      "start": "",
      "end": "",
      "building": "",
      "room": "ONLINE"
    }
  ],
  "term": "202112",
  "department": "Information Studies",
  "updated": "2022-01-21T18:37:52.298583Z"
}