{
  "id": "INST670",
  "title": "Introduction to Javascript Programming",
  "credits": "1",
  "description": "Credit only granted for: INST728N and INST670.\nFormerly: INST728N.",
  "grading-method": [
    "Reg",
    "Aud"
  ],
  "sections": [
    {
      "id": "WB11",
      "instructors": [
        "Jennifer Golbeck"
      ],
      "seats": 25,
      "open-seats": 18,
      "waitlist": 0,
      "days": "",
      "start": "",
      "end": "",
      "building": "",
      "room": "ONLINE"
    }
  ],
  "term": "202112",
  "department": "Information Studies",
  "updated": "2022-01-21T18:37:54.478913Z"
}