{
  "id": "INST671",
  "title": "Introduction to Web Programming",
  "credits": "1",
  "description": "Credit only granted for: INST728W or INST671.\nFormerly: INST728W.",
  "grading-method": [
    "Reg",
    "Aud"
  ],
  "sections": [
    {
      "id": "WB11",
      "instructors": [
        "Jennifer Golbeck"
      ],
      "seats": 25,
      "open-seats": 17,
      "waitlist": 0,
      "days": "",
      "start": "",
      "end": "",
      "building": "",
      "room": "ONLINE"
    }
  ],
  "term": "202112",
  "department": "Information Studies",
  "updated": "2022-01-21T18:37:55.864072Z"
}