{
  "id": "LING200",
  "title": "Introductory Linguistics",
  "credits": "3",
  "description": "Credit only granted for: HESP120 or LING200.\nAdditional information: Does not count toward the Linguistics major and does not fulfill prerequisite requirements for all upper-level courses.",
  "grading-method": [
    "Reg",
    "P-F",
    "Aud"
  ],
  "sections": [
    {
      "id": "WB11",
      "instructors": [
        "Michelle Morrison"
      ],
      "seats": 20,
      "open-seats": 15,
      "waitlist": 0,
      "days": "",
      "start": "",
      "end": "",
      "building": "",
      "room": "ONLINE"
    }
  ],
  "term": "202112",
  "department": "Linguistics",
  "updated": "2022-01-21T18:38:38.642572Z"
}