{
  "id": "CLFS609B",
  "title": "Special Topics; The Biology of Reproduction",
  "credits": "3",
  "description": "Must be in the Master of Chemical and Life Sciences program. All other graduate students must request permission. Contact oes@umd.edu.",
  "grading-method": [
    "Reg",
    "Aud"
  ],
  "sections": [
    {
      "id": "PLC1",
      "instructors": [
        "Janet Norcross"
      ],
      "seats": 15,
      "open-seats": 14,
      "waitlist": 0,
      "days": "",
      "start": "",
      "end": "",
      "building": "",
      "room": "ONLINE"
    }
  ],
  "term": "202112",
  "department": "Chemical and Life Sciences",
  "updated": "2022-01-21T18:33:05.904024Z"
}