{
  "id": "CLFS630",
  "title": "Principles of Transmission Genetics: A Historical and Modern Perspective",
  "credits": "3",
  "description": "Examines the origins of modern genetics, model genetic systems, and the role of chromosomes in vertical transmission of genetic information from parent to offspring. Classical gene mapping, population genetics and the various applications of modern genetics will also be studied.",
  "grading-method": [
    "Reg",
    "Aud"
  ],
  "sections": [
    {
      "id": "PLC1",
      "instructors": [
        "Nancy Trun"
      ],
      "seats": 15,
      "open-seats": 13,
      "waitlist": 0,
      "days": "",
      "start": "",
      "end": "",
      "building": "",
      "room": "ONLINE"
    }
  ],
  "term": "202112",
  "department": "Chemical and Life Sciences",
  "updated": "2022-01-21T18:33:09.162313Z"
}