{
  "id": "AMST698",
  "title": "Directed Readings in American Studies",
  "credits": "3",
  "description": "",
  "grading-method": [
    "Reg"
  ],
  "sections": [
    {
      "id": "I104",
      "instructors": [
        "Mary Sies"
      ],
      "seats": 1,
      "open-seats": 0,
      "waitlist": 0,
      "days": "",
      "start": "",
      "end": "",
      "building": "",
      "room": ""
    }
  ],
  "term": "202112",
  "department": "American Studies",
  "updated": "2022-01-21T18:30:57.558268Z"
}