{
  "id": "AMST101",
  "title": "Introduction American Studies",
  "credits": "3",
  "description": "Credit only granted for: AMST101 or AMST201.\nFormerly: AMST201.",
  "grading-method": [
    "Reg",
    "P-F",
    "Aud"
  ],
  "sections": [
    {
      "id": "WB11",
      "instructors": [
        "Jacqueline Partida"
      ],
      "seats": 15,
      "open-seats": 0,
      "waitlist": 0,
      "days": "",
      "start": "",
      "end": "",
      "building": "",
      "room": "ONLINE"
    },
    {
      "id": "WB12",
      "instructors": [
        "Timothy Kumfer"
      ],
      "seats": 15,
      "open-seats": 0,
      "waitlist": 0,
      "days": "",
      "start": "",
      "end": "",
      "building": "",
      "room": "ONLINE"
    }
  ],
  "term": "202112",
  "department": "American Studies",
  "updated": "2022-01-21T18:30:55.397059Z"
}