{
  "id": "AMST203",
  "title": "Popular Culture in America",
  "credits": "3",
  "description": "An introduction to American popular culture, its historical development, and its role as a reflection of and influence on our culture and society.",
  "grading-method": [
    "Reg",
    "P-F",
    "Aud"
  ],
  "sections": [
    {
      "id": "WB11",
      "instructors": [
        "Mark Lockwood"
      ],
      "seats": 15,
      "open-seats": 0,
      "waitlist": 0,
      "days": "",
      "start": "",
      "end": "",
      "building": "",
      "room": "ONLINE"
    },
    {
      "id": "WB12",
      "instructors": [
        "Brienne Adams"
      ],
      "seats": 15,
      "open-seats": 0,
      "waitlist": 0,
      "days": "",
      "start": "",
      "end": "",
      "building": "",
      "room": "ONLINE"
    },
    {
      "id": "WB13",
      "instructors": [
        "Shoji Sanders"
      ],
      "seats": 15,
      "open-seats": 2,
      "waitlist": 0,
      "days": "",
      "start": "",
      "end": "",
      "building": "",
      "room": "ONLINE"
    }
  ],
  "term": "202112",
  "department": "American Studies",
  "updated": "2022-01-21T18:30:56.472121Z"
}