{
  "id": "RDEV689Y",
  "title": "Current Topics in Real Estate Development; Guided Real Estate Development Project",
  "credits": "1",
  "description": "",
  "grading-method": [
    "Reg",
    "Aud",
    "S-F"
  ],
  "sections": [
    {
      "id": "WB11",
      "instructors": [
        "Maria Day-Marshall"
      ],
      "seats": 10,
      "open-seats": 7,
      "waitlist": 0,
      "days": "",
      "start": "",
      "end": "",
      "building": "",
      "room": "ONLINE"
    }
  ],
  "term": "202112",
  "department": "Real Estate Development",
  "updated": "2022-01-21T18:39:51.498749Z"
}