{
  "id": "ENTM730",
  "title": "Plant Diagnostics",
  "credits": "3",
  "description": "The first step to managing pest and disease problems in plants is an accurate diagnosis. In this course, students will learn about the various biotic (living) and abiotic (nonliving) factors that can contribute to plant problems, and how to evaluate evidence and distinguish between these factors to arrive at an accurate diagnosis.",
  "grading-method": [
    "Reg"
  ],
  "sections": [
    {
      "id": "PLE1",
      "instructors": [
        "Karen Rane"
      ],
      "seats": 8,
      "open-seats": 6,
      "waitlist": 0,
      "days": "",
      "start": "",
      "end": "",
      "building": "",
      "room": "ONLINE"
    }
  ],
  "term": "202112",
  "department": "Entomology",
  "updated": "2022-01-21T18:35:33.109570Z"
}