{
  "id": "ENTM747",
  "title": "Pollinator Health",
  "credits": "3",
  "description": "Students will be given an overview of the importance of insect pollinators and threats to their populations. Emphasis will be placed on managed pollinators, particularly but not exclusively honey bees, where disease mitigation plans will be highlighted.",
  "grading-method": [
    "Reg"
  ],
  "sections": [
    {
      "id": "PLE1",
      "instructors": [
        "Noble Noble"
      ],
      "seats": 8,
      "open-seats": 7,
      "waitlist": 0,
      "days": "",
      "start": "",
      "end": "",
      "building": "",
      "room": "ONLINE"
    }
  ],
  "term": "202112",
  "department": "Entomology",
  "updated": "2022-01-21T18:35:34.217515Z"
}