{
  "id": "ENTM769",
  "title": "Capstone: Scholarly Paper",
  "credits": "3",
  "description": "",
  "grading-method": [
    "Reg",
    "S-F"
  ],
  "sections": [
    {
      "id": "PLE1",
      "instructors": [
        "Cerruti Hooks"
      ],
      "seats": 2,
      "open-seats": 1,
      "waitlist": 0,
      "days": "",
      "start": "",
      "end": "",
      "building": "",
      "room": "ONLINE"
    }
  ],
  "term": "202112",
  "department": "Entomology",
  "updated": "2022-01-21T18:35:35.306596Z"
}