{
  "id": "EMBA759",
  "title": "Independent Study",
  "credits": "1",
  "description": "",
  "grading-method": [
    "Reg"
  ],
  "sections": [
    {
      "id": "EC01",
      "instructors": [
        "Robert Sheehan"
      ],
      "seats": 30,
      "open-seats": 30,
      "waitlist": 0,
      "days": "",
      "start": "",
      "end": "",
      "building": "",
      "room": ""
    },
    {
      "id": "EM01",
      "instructors": [
        "Robert Sheehan"
      ],
      "seats": 5,
      "open-seats": 5,
      "waitlist": 0,
      "days": "",
      "start": "",
      "end": "",
      "building": "",
      "room": ""
    }
  ],
  "term": "202112",
  "department": "Executive MBA Program",
  "updated": "2022-01-21T18:34:40.887807Z"
}