{
  "id": "HESP386",
  "title": "Experiential Learning",
  "credits": "1",
  "description": "Restriction: Junior standing or higher; and permission of BSOS-Hearing & Speech Sciences department.",
  "grading-method": [
    "Reg",
    "P-F"
  ],
  "sections": [
    {
      "id": "0116",
      "instructors": [
        "Nan Ratner"
      ],
      "seats": 10,
      "open-seats": 10,
      "waitlist": 0,
      "days": "",
      "start": "",
      "end": "",
      "building": "",
      "room": ""
    }
  ],
  "term": "202112",
  "department": "Hearing and Speech Sciences",
  "updated": "2022-01-21T18:36:58.815548Z"
}