{
  "id": "HESP639",
  "title": "Special Topics in Hearing and Speech Sciences",
  "credits": "1",
  "description": "Class will be offered at John Hopkins Center in Baltimore; the exact times and dates will be provided later.",
  "grading-method": [
    "Reg",
    "Aud",
    "S-F"
  ],
  "sections": [
    {
      "id": "0101",
      "instructors": [
        "Kimberly Webster",
        "Rina Abrams"
      ],
      "seats": 20,
      "open-seats": 0,
      "waitlist": 0,
      "days": "",
      "start": "",
      "end": "",
      "building": "",
      "room": ""
    },
    {
      "id": "XHE1",
      "instructors": [
        "Kimberly Webster",
        "Rina Abrams"
      ],
      "seats": 5,
      "open-seats": 1,
      "waitlist": 0,
      "days": "",
      "start": "",
      "end": "",
      "building": "",
      "room": ""
    }
  ],
  "term": "202112",
  "department": "Hearing and Speech Sciences",
  "updated": "2022-01-21T18:37:03.106559Z"
}