{
  "id": "HESP615",
  "title": "Counseling in Communicative Disorders",
  "credits": "3",
  "description": "Recommended: HESP400 and HESP411.",
  "grading-method": [
    "Reg",
    "Aud",
    "S-F"
  ],
  "sections": [
    {
      "id": "0101",
      "instructors": [
        "Lisa Rickard"
      ],
      "seats": 20,
      "open-seats": 0,
      "waitlist": 0,
      "days": "MTuWTh",
      "start": "9:30am",
      "end": "12:55pm",
      "building": "LEF",
      "room": "0135"
    },
    {
      "id": "XHE1",
      "instructors": [
        "Lisa Rickard"
      ],
      "seats": 5,
      "open-seats": 1,
      "waitlist": 0,
      "days": "MTuWTh",
      "start": "9:30am",
      "end": "12:55pm",
      "building": "LEF",
      "room": "0135"
    }
  ],
  "term": "202112",
  "department": "Hearing and Speech Sciences",
  "updated": "2022-01-21T18:37:00.938489Z"
}