{
  "id": "BSST399N",
  "title": "Individual Study in Terrorism Studies; Social Network Analysis for Terrorism",
  "credits": "1",
  "description": "Social networks are connections between nodes (actors) and links (connections between nodes). Social network analysis (SNA) is a process of studying those nodes and links with a systematic, quantitative approach to better understand how networks are constructed, what networks are capable of, and how networks can be disrupted. This course covers SNA using UCINET, a popular SNA tool to systematically understand terrorist connections in such way that allows for informed decisions on terrorist network disruption.",
  "grading-method": [
    "Reg",
    "P-F",
    "Aud"
  ],
  "sections": [
    {
      "id": "WB11",
      "instructors": [
        "Michael Egnoto"
      ],
      "seats": 25,
      "open-seats": 13,
      "waitlist": 0,
      "days": "",
      "start": "",
      "end": "",
      "building": "",
      "room": "ONLINE"
    }
  ],
  "term": "202112",
  "department": "Terrorism Studies",
  "updated": "2022-01-21T18:32:26.361427Z"
}