{
  "id": "ENST389",
  "title": "Internship",
  "credits": "3",
  "description": "",
  "grading-method": [
    "S-F"
  ],
  "sections": [
    {
      "id": "0101",
      "instructors": [
        "Jose-Luis Izursa"
      ],
      "seats": 10,
      "open-seats": 10,
      "waitlist": 0,
      "days": "",
      "start": "",
      "end": "",
      "building": "",
      "room": ""
    }
  ],
  "term": "202112",
  "department": "Environmental Science and Technology",
  "updated": "2022-01-21T18:35:30.713103Z"
}