{
  "id": "ENST499",
  "title": "Special Topics in Environmental Science and Technology",
  "credits": "1",
  "description": "",
  "grading-method": [
    "Reg",
    "P-F",
    "Aud"
  ],
  "sections": [
    {
      "id": "0104",
      "instructors": [
        "Jose-Luis Izursa"
      ],
      "seats": 2,
      "open-seats": 2,
      "waitlist": 0,
      "days": "",
      "start": "",
      "end": "",
      "building": "",
      "room": ""
    }
  ],
  "term": "202112",
  "department": "Environmental Science and Technology",
  "updated": "2022-01-21T18:35:31.793351Z"
}