{
  "id": "BUSO758C",
  "title": "Special Topics in Business; Corporate Venturing",
  "credits": "2",
  "description": "",
  "grading-method": [
    "Reg"
  ],
  "sections": [
    {
      "id": "SO31",
      "instructors": [
        "Oliver Schlake"
      ],
      "seats": 28,
      "open-seats": 1,
      "waitlist": 0,
      "days": "MW",
      "start": "7:00pm",
      "end": "8:30pm",
      "building": "",
      "room": "ONLINE"
    },
    {
      "id": "SO32",
      "instructors": [
        "Oliver Schlake"
      ],
      "seats": 28,
      "open-seats": 0,
      "waitlist": 0,
      "days": "MW",
      "start": "8:45pm",
      "end": "10:15pm",
      "building": "",
      "room": "ONLINE"
    }
  ],
  "term": "202112",
  "department": "Online MBA Program",
  "updated": "2022-01-21T18:32:34.915670Z"
}