{
  "id": "BUSO714",
  "title": "International Business",
  "credits": "2",
  "description": "Restriction: Must be in Business and Management (Master's) program; or permission of BMGT-Robert H. Smith School of Business.\nCredit only granted for: BMGT794, BUSI761 or BUSO714.",
  "grading-method": [
    "Reg"
  ],
  "sections": [
    {
      "id": "SO31",
      "instructors": [
        "Jon Crocker"
      ],
      "seats": 27,
      "open-seats": 0,
      "waitlist": 0,
      "days": "MW",
      "start": "7:00pm",
      "end": "8:30pm",
      "building": "",
      "room": "ONLINE"
    },
    {
      "id": "SO32",
      "instructors": [
        "Jon Crocker"
      ],
      "seats": 27,
      "open-seats": 1,
      "waitlist": 0,
      "days": "MW",
      "start": "8:45pm",
      "end": "10:15pm",
      "building": "",
      "room": "ONLINE"
    },
    {
      "id": "SO33",
      "instructors": [
        "Jeffrey Mund"
      ],
      "seats": 27,
      "open-seats": 2,
      "waitlist": 0,
      "days": "TuTh",
      "start": "7:00pm",
      "end": "8:30pm",
      "building": "",
      "room": "ONLINE"
    }
  ],
  "term": "202112",
  "department": "Online MBA Program",
  "updated": "2022-01-21T18:32:33.814608Z"
}