{
  "id": "BUSO758E",
  "title": "Special Topics in Business; Sustainability: Economics and Strategy",
  "credits": "2",
  "description": "",
  "grading-method": [
    "Reg"
  ],
  "sections": [
    {
      "id": "SO31",
      "instructors": [
        "Rachelle Sampson"
      ],
      "seats": 28,
      "open-seats": 3,
      "waitlist": 0,
      "days": "TuTh",
      "start": "8:45pm",
      "end": "10:15pm",
      "building": "",
      "room": "ONLINE"
    }
  ],
  "term": "202112",
  "department": "Online MBA Program",
  "updated": "2022-01-21T18:32:36.001665Z"
}