{
  "id": "EDSP376",
  "title": "Fundamentals of Sign Language",
  "credits": "3",
  "description": "Receptive and expressive skills in American Sign Language. Examination of the causes of deafness, characteristics of deaf education, and aspects of the culture of the deaf community.",
  "grading-method": [
    "Reg",
    "P-F",
    "Aud"
  ],
  "sections": [
    {
      "id": "WB11",
      "instructors": [
        "Dina Toulan"
      ],
      "seats": 30,
      "open-seats": 20,
      "waitlist": 0,
      "days": "",
      "start": "",
      "end": "",
      "building": "",
      "room": "ONLINE"
    },
    {
      "id": "WB12",
      "instructors": [
        "Elizabeth Martinez"
      ],
      "seats": 30,
      "open-seats": 2,
      "waitlist": 0,
      "days": "",
      "start": "",
      "end": "",
      "building": "",
      "room": "ONLINE"
    }
  ],
  "term": "202112",
  "department": "Education, Special",
  "updated": "2022-01-21T18:34:27.419829Z"
}