{
  "id": "EDSP601",
  "title": "Special Education for School Counselors",
  "credits": "3",
  "description": "Restriction: Must be in Counseling and Personnel Services (Master's) program.\nCredit only granted for: EDSP470 or EDSP601.",
  "grading-method": [
    "Reg"
  ],
  "sections": [
    {
      "id": "WB11",
      "instructors": [
        "Dawn Martin"
      ],
      "seats": 30,
      "open-seats": 13,
      "waitlist": 0,
      "days": "",
      "start": "",
      "end": "",
      "building": "",
      "room": "ONLINE"
    }
  ],
  "term": "202112",
  "department": "Education, Special",
  "updated": "2022-01-21T18:34:31.956846Z"
}