{
  "id": "EDSP210",
  "title": "Introduction to Special Education",
  "credits": "3",
  "description": "Restriction: Sophomore standing or lower.\nCredit only granted for: EDSP210 or EDSP470.",
  "grading-method": [
    "Reg",
    "Aud"
  ],
  "sections": [
    {
      "id": "WB12",
      "instructors": [
        "Tori Page-Voth"
      ],
      "seats": 20,
      "open-seats": 18,
      "waitlist": 0,
      "days": "",
      "start": "",
      "end": "",
      "building": "",
      "room": "ONLINE"
    }
  ],
  "term": "202112",
  "department": "Education, Special",
  "updated": "2022-01-21T18:34:26.334076Z"
}