{
  "id": "JOUR175",
  "title": "Media Literacy",
  "credits": "3",
  "description": "Additional information: Not applicable toward journalism major.",
  "grading-method": [
    "Reg",
    "P-F",
    "Aud"
  ],
  "sections": [
    {
      "id": "WB11",
      "instructors": [
        "Susan Moeller"
      ],
      "seats": 20,
      "open-seats": 1,
      "waitlist": 0,
      "days": "",
      "start": "",
      "end": "",
      "building": "",
      "room": "ONLINE"
    }
  ],
  "term": "202112",
  "department": "Journalism",
  "updated": "2022-01-21T18:38:01.788917Z"
}