{
  "id": "JOUR130",
  "title": "Self-Presentation in the Age of YouTube",
  "credits": "3",
  "description": "Credit only granted for: COMM107, COMM200, ENES143, INAG110, JOUR130 or THET285.\nAdditional information: May not count toward the Journalism major.",
  "grading-method": [
    "Reg",
    "P-F",
    "Aud"
  ],
  "sections": [
    {
      "id": "WB11",
      "instructors": [
        "Amber Moore"
      ],
      "seats": 25,
      "open-seats": 2,
      "waitlist": 0,
      "days": "",
      "start": "",
      "end": "",
      "building": "",
      "room": "ONLINE"
    }
  ],
  "term": "202112",
  "department": "Journalism",
  "updated": "2022-01-21T18:38:00.721826Z"
}