{
  "id": "JOUR459W",
  "title": "Special Topics in Journalism; Sports Media & Athlete Branding",
  "credits": "3",
  "description": "This course will help students understand athlete representation and self-representation in the digital age, with a specific focus on how storytelling differs across college, professional and Olympic sports given the unique policies and regulations at each of these levels. In addition, the course will explore athlete use of social media and the role new technologies play in creating and inspiring interest in individual brands.",
  "grading-method": [
    "Reg",
    "P-F",
    "Aud"
  ],
  "sections": [
    {
      "id": "WB11",
      "instructors": [
        "Shannon Scovel"
      ],
      "seats": 23,
      "open-seats": 6,
      "waitlist": 0,
      "days": "",
      "start": "",
      "end": "",
      "building": "",
      "room": "ONLINE"
    }
  ],
  "term": "202112",
  "department": "Journalism",
  "updated": "2022-01-21T18:38:05.556243Z"
}