{
  "id": "JOUR282",
  "title": "Beyond Facebook: How Social Media are Transforming Society, Culture, Business and Politics",
  "credits": "3",
  "description": "Credit only granted for: JOUR289F or JOUR282.\nFormerly: JOUR289F.",
  "grading-method": [
    "Reg",
    "P-F",
    "Aud"
  ],
  "sections": [
    {
      "id": "WB11",
      "instructors": [
        "Denitsa Yotova"
      ],
      "seats": 35,
      "open-seats": 0,
      "waitlist": 0,
      "days": "",
      "start": "",
      "end": "",
      "building": "",
      "room": "ONLINE"
    }
  ],
  "term": "202112",
  "department": "Journalism",
  "updated": "2022-01-21T18:38:04.483227Z"
}