{
  "id": "GEOG646",
  "title": "Programming for GIS",
  "credits": "3",
  "description": "Additional information: This class is recommended for all MSGIS students who have no prior computer programming background as well as those who wish to have additional practice. The skills learned in this class will be useful for more advanced courses such as GEOG656 (Programming and Scripting for GIS), GEOG657 (Web Programming), and GEOG650 (Mobile GIS).",
  "grading-method": [
    "Reg",
    "Aud"
  ],
  "sections": [
    {
      "id": "PGI1",
      "instructors": [
        "Jonathan Resop"
      ],
      "seats": 25,
      "open-seats": 25,
      "waitlist": 0,
      "days": "M",
      "start": "5:30pm",
      "end": "8:00pm",
      "building": "LEF",
      "room": "1158"
    },
    {
      "id": "PGS1",
      "instructors": [
        "Jonathan Resop"
      ],
      "seats": 25,
      "open-seats": 5,
      "waitlist": 0,
      "days": "M",
      "start": "5:30pm",
      "end": "8:00pm",
      "building": "LEF",
      "room": "1158"
    },
    {
      "id": "PLG1",
      "instructors": [
        "Jonathan Resop"
      ],
      "seats": 15,
      "open-seats": 7,
      "waitlist": 0,
      "days": "M",
      "start": "5:30pm",
      "end": "8:00pm",
      "building": "",
      "room": "ONLINE"
    },
    {
      "id": "PLI1",
      "instructors": [
        "Jonathan Resop"
      ],
      "seats": 15,
      "open-seats": 15,
      "waitlist": 0,
      "days": "M",
      "start": "5:30pm",
      "end": "8:00pm",
      "building": "",
      "room": "ONLINE"
    }
  ],
  "term": "202112",
  "department": "Geographical Sciences",
  "updated": "2022-01-21T18:36:33.188012Z"
}