{
  "id": "GEOG373",
  "title": "Geographic Information Systems",
  "credits": "3",
  "description": "Characteristics and organization of geographic data; creation and use of digital geospatial databases; metadata; spatial data models for thematic mapping and map analysis; use of geographic information system in society, government, and business. Practical training with use of advanced software and geographic databases.",
  "grading-method": [
    "Reg",
    "P-F",
    "Aud"
  ],
  "sections": [
    {
      "id": "WB11",
      "instructors": [
        "Jeffery Sauer"
      ],
      "seats": 20,
      "open-seats": 9,
      "waitlist": 0,
      "days": "MTuWTh",
      "start": "9:30am",
      "end": "11:20am",
      "building": "",
      "room": "ONLINE"
    }
  ],
  "term": "202112",
  "department": "Geographical Sciences",
  "updated": "2022-01-21T18:36:28.907587Z"
}