{
  "id": "GEOG653",
  "title": "Spatial Analysis",
  "credits": "3",
  "description": "Prerequisite: GEOG579; or students who have taken courses with comparable content may contact the department.\nRestriction: Must be in Geospatial Information Sciences (Master's) program; or must be in the Geospatial Information Sciences (Graduate Certificate) program.",
  "grading-method": [
    "Reg"
  ],
  "sections": [
    {
      "id": "PLG2",
      "instructors": [
        "Jianguo Ma"
      ],
      "seats": 25,
      "open-seats": 21,
      "waitlist": 0,
      "days": "Tu",
      "start": "12:30pm",
      "end": "3:00pm",
      "building": "",
      "room": "ONLINE"
    }
  ],
  "term": "202112",
  "department": "Geographical Sciences",
  "updated": "2022-01-21T18:36:35.655849Z"
}