{
  "id": "GEOG665",
  "title": "Algorithms for Geospatial Intelligence Analysis",
  "credits": "3",
  "description": "Recommended: Students taking the course must be familiar with data structures, basic GIS and RS concepts, and demonstrate basic understanding of using GIS and RS software.\nRestriction: Permission of BSOS-Geography department; or must be enrolled in Geographical Sciences MPS or graduate certificate program.",
  "grading-method": [
    "Reg"
  ],
  "sections": [
    {
      "id": "PGI1",
      "instructors": [
        "Ruibo Han"
      ],
      "seats": 25,
      "open-seats": 19,
      "waitlist": 0,
      "days": "M",
      "start": "5:30pm",
      "end": "8:00pm",
      "building": "LEF",
      "room": "1106"
    },
    {
      "id": "PLI1",
      "instructors": [
        "Ruibo Han"
      ],
      "seats": 15,
      "open-seats": 8,
      "waitlist": 0,
      "days": "M",
      "start": "5:30pm",
      "end": "8:00pm",
      "building": "",
      "room": "ONLINE"
    }
  ],
  "term": "202112",
  "department": "Geographical Sciences",
  "updated": "2022-01-21T18:36:38.983849Z"
}