{
  "id": "GEOG677",
  "title": "Web GIS",
  "credits": "3",
  "description": "Recommended: GEOG676.\nRestriction: Permission of BSOS-Geography department.",
  "grading-method": [
    "Reg",
    "Aud"
  ],
  "sections": [
    {
      "id": "PGI1",
      "instructors": [
        "Michael Humber"
      ],
      "seats": 25,
      "open-seats": 24,
      "waitlist": 0,
      "days": "W",
      "start": "5:30pm",
      "end": "8:00pm",
      "building": "LEF",
      "room": "1171"
    },
    {
      "id": "PGS1",
      "instructors": [
        "Michael Humber"
      ],
      "seats": 30,
      "open-seats": 3,
      "waitlist": 0,
      "days": "W",
      "start": "5:30pm",
      "end": "8:00pm",
      "building": "LEF",
      "room": "1171"
    },
    {
      "id": "PLG1",
      "instructors": [
        "Michael Humber"
      ],
      "seats": 20,
      "open-seats": 4,
      "waitlist": 0,
      "days": "W",
      "start": "5:30pm",
      "end": "8:00pm",
      "building": "",
      "room": "ONLINE"
    },
    {
      "id": "PLI1",
      "instructors": [
        "Michael Humber"
      ],
      "seats": 15,
      "open-seats": 15,
      "waitlist": 0,
      "days": "W",
      "start": "5:30pm",
      "end": "8:00pm",
      "building": "",
      "room": "ONLINE"
    }
  ],
  "term": "202112",
  "department": "Geographical Sciences",
  "updated": "2022-01-21T18:36:40.091233Z"
}