{
  "id": "GEOG201",
  "title": "Geography of Environmental Systems",
  "credits": "3",
  "description": "A systematic introduction to the processes and associated forms of the atmosphere and earth's surfaces emphasizing the interaction between climatology, hydrology and geomorphology.",
  "grading-method": [
    "Reg",
    "P-F",
    "Aud"
  ],
  "sections": [
    {
      "id": "WB11",
      "instructors": [
        "Amanda Hall"
      ],
      "seats": 25,
      "open-seats": 4,
      "waitlist": 0,
      "days": "",
      "start": "",
      "end": "",
      "building": "",
      "room": "ONLINE"
    }
  ],
  "term": "202112",
  "department": "Geographical Sciences",
  "updated": "2022-01-21T18:36:21.080706Z"
}