{
  "id": "GEOG664",
  "title": "GEOINT Systems and Platforms",
  "credits": "3",
  "description": "There are numerous systems and platforms that support the collection, visualization and dissemination of Geospatial Intelligence (GEOINT). Platforms such as satellites and aircraft carry sensors systems that can detect both physical and man-made objects on the earth. Ground-based processing systems are used to analyze and visualize sensor data, and also to create and disseminate GEOINT products that guide decision-making. In this course you will learn how to develop and implement source-to-screen GEOINT workflows, and will understand how to use a system of systems approach to describe the programmatic and technical strengths and weaknesses of many different GEOINT systems and platforms.",
  "grading-method": [
    "Reg",
    "S-F"
  ],
  "sections": [
    {
      "id": "PGI1",
      "instructors": [
        "Jonathon Hathaway"
      ],
      "seats": 25,
      "open-seats": 19,
      "waitlist": 0,
      "days": "W",
      "start": "5:30pm",
      "end": "8:00pm",
      "building": "LEF",
      "room": "1106"
    },
    {
      "id": "PLI1",
      "instructors": [
        "Jonathon Hathaway"
      ],
      "seats": 15,
      "open-seats": 8,
      "waitlist": 0,
      "days": "W",
      "start": "5:30pm",
      "end": "8:00pm",
      "building": "",
      "room": "ONLINE"
    }
  ],
  "term": "202112",
  "department": "Geographical Sciences",
  "updated": "2022-01-21T18:36:37.872095Z"
}