{
  "id": "GEOG110",
  "title": "The World Today: Global Perspectives",
  "credits": "3",
  "description": "The most critical issue facing the world today is the sustainability of both human and physical systems in the 21st century. This class uses the context of regions of the world to explore the 21st century issues of climate change, development, politics, economy, and demography. Each region will be used to highlight aspects of sustainability.",
  "grading-method": [
    "Reg",
    "P-F",
    "Aud"
  ],
  "sections": [
    {
      "id": "WB11",
      "instructors": [
        "Rachel Haber"
      ],
      "seats": 50,
      "open-seats": 39,
      "waitlist": 0,
      "days": "",
      "start": "",
      "end": "",
      "building": "",
      "room": "ONLINE"
    }
  ],
  "term": "202112",
  "department": "Geographical Sciences",
  "updated": "2022-01-21T18:36:16.771881Z"
}