{
  "id": "GEOG130",
  "title": "Development Geography: Environmental & Social Justice",
  "credits": "3",
  "description": "The geography of economic, social, and environmental well-being and inequality. The course will provide an integrated perspective on the causes, interconnections, and consequences across time and space of, among others, globalization, climate change, poverty, employment, migration and urban growth, agricultural productivity, rural development, policies and international trade. Portraits of selected countries and regions will be developed.",
  "grading-method": [
    "Reg",
    "P-F",
    "Aud"
  ],
  "sections": [
    {
      "id": "WB11",
      "instructors": [
        "Ipsita Kumar"
      ],
      "seats": 50,
      "open-seats": 41,
      "waitlist": 0,
      "days": "",
      "start": "",
      "end": "",
      "building": "",
      "room": "ONLINE"
    }
  ],
  "term": "202112",
  "department": "Geographical Sciences",
  "updated": "2022-01-21T18:36:17.852360Z"
}