{
  "id": "GEOG212",
  "title": "Career Planning for Geographical Sciences, GIS, and ENSP Majors",
  "credits": "1",
  "description": "Restriction: Must be in one of the following programs (Geography; GEOG-GIS & Computer Cartography).",
  "grading-method": [
    "Reg",
    "P-F",
    "Aud"
  ],
  "sections": [
    {
      "id": "WB11",
      "instructors": [
        "Amanda Hall"
      ],
      "seats": 25,
      "open-seats": 22,
      "waitlist": 0,
      "days": "",
      "start": "",
      "end": "",
      "building": "",
      "room": "ONLINE"
    },
    {
      "id": "WB12",
      "instructors": [
        "Amanda Hall"
      ],
      "seats": 25,
      "open-seats": 24,
      "waitlist": 0,
      "days": "",
      "start": "",
      "end": "",
      "building": "",
      "room": "ONLINE"
    }
  ],
  "term": "202112",
  "department": "Geographical Sciences",
  "updated": "2022-01-21T18:36:24.576667Z"
}