{
  "id": "GEOG298C",
  "title": "Special Topics in Geography; Urban Futures: Planning for a Changing Climate",
  "credits": "3",
  "description": "How are the cities of the world adapting to or planning to adapt to climate change? This course focuses on urban areas and the environment, specifically how anthropogenic factors have impacted the environment and how the environment has responded. The aim is to discover how associated and concomitant problems owing to the development and use of the planets resources are created and the various approaches to reduce the negative impacts of these problems through a variety of approaches.",
  "grading-method": [
    "Reg",
    "P-F",
    "Aud"
  ],
  "sections": [
    {
      "id": "WB11",
      "instructors": [
        "Keith Yearwood"
      ],
      "seats": 20,
      "open-seats": 15,
      "waitlist": 0,
      "days": "MTuWTh",
      "start": "10:00am",
      "end": "1:30pm",
      "building": "",
      "room": "ONLINE"
    }
  ],
  "term": "202112",
  "department": "Geographical Sciences",
  "updated": "2022-01-21T18:36:26.748082Z"
}