{
  "id": "GEOG272",
  "title": "Introduction to Earth Observation Science",
  "credits": "3",
  "description": "Credit only granted for: GEOG272 or GEOG372.\nFormerly: GEOG372.",
  "grading-method": [
    "Reg",
    "P-F",
    "Aud"
  ],
  "sections": [
    {
      "id": "WB11",
      "instructors": [
        "Xueyuan Gao"
      ],
      "seats": 25,
      "open-seats": 18,
      "waitlist": 0,
      "days": "MTuWTh",
      "start": "9:00am",
      "end": "10:50am",
      "building": "",
      "room": "ONLINE"
    }
  ],
  "term": "202112",
  "department": "Geographical Sciences",
  "updated": "2022-01-21T18:36:25.658455Z"
}