{
  "id": "GEOG170",
  "title": "Mapping our Digital World",
  "credits": "3",
  "description": "Introduction to technical methods used in gathering, analyzing, and mapping geospatial information for applications such as urban mobility, environmental monitoring, situational awareness, and disaster management. Topics include Geographic Information Systems (GIS), cartography, map projections, satellite and airborne remote sensing, the global positioning system (GPS), and introductory statistics and probability. The course is a gateway to more advanced technical classes in geospatial science.",
  "grading-method": [
    "Reg",
    "P-F",
    "Aud"
  ],
  "sections": [
    {
      "id": "WB11",
      "instructors": [
        "Naijun Zhou"
      ],
      "seats": 25,
      "open-seats": 15,
      "waitlist": 0,
      "days": "MTuWTh",
      "start": "10:00am",
      "end": "1:30pm",
      "building": "",
      "room": "ONLINE"
    }
  ],
  "term": "202112",
  "department": "Geographical Sciences",
  "updated": "2022-01-21T18:36:20.004921Z"
}