{
  "id": "GEOG140",
  "title": "Natural Disasters: Earthquakes, Floods, and Fires",
  "credits": "3",
  "description": "Catastrophic Environmental Events (CCE) that are becoming more common in this time of global environmental change and it is essential that today's students be equipped with the knowledge and skills to be leaders as we, as a society, understand the upheaval that these CCEs are causing. Students will examine how CEEs shape human society and ecosystem from the interdisciplinary perspective afforded by the field of Geography. Students will use the latest geographic science concepts and techniques in exploring these events. Using satellite imagery they will gain a multi-scale perspective of the ecological and societal aspects of the events.",
  "grading-method": [
    "Reg",
    "P-F",
    "Aud"
  ],
  "sections": [
    {
      "id": "WB11",
      "instructors": [
        "Guangxiao Hu"
      ],
      "seats": 65,
      "open-seats": 58,
      "waitlist": 0,
      "days": "MTuWTh",
      "start": "1:00pm",
      "end": "4:30pm",
      "building": "",
      "room": "ONLINE"
    }
  ],
  "term": "202112",
  "department": "Geographical Sciences",
  "updated": "2022-01-21T18:36:18.924396Z"
}