{
  "id": "GEOG211",
  "title": "Geography of Environmental Systems Laboratory",
  "credits": "1",
  "description": "Prerequisite: Must have completed or be concurrently enrolled in GEOL120, GEOL100, or GEOG201.",
  "grading-method": [
    "Reg",
    "P-F",
    "Aud"
  ],
  "sections": [
    {
      "id": "WB11",
      "instructors": [
        "Baobao Liu"
      ],
      "seats": 25,
      "open-seats": 7,
      "waitlist": 0,
      "days": "",
      "start": "",
      "end": "",
      "building": "",
      "room": "ONLINE"
    }
  ],
  "term": "202112",
  "department": "Geographical Sciences",
  "updated": "2022-01-21T18:36:23.488175Z"
}