{
  "id": "GEOG651",
  "title": "Spatial Statistics",
  "credits": "3",
  "description": "Prerequisite: GEOG615; or students who have taken courses with comparable content may contact the department.\nRestriction: Must be in Geospatial Information Sciences (Master's) program; or must be in Graduate Certificate: Professional Studies-Geospatial Information Sciences.",
  "grading-method": [
    "Reg"
  ],
  "sections": [
    {
      "id": "PGI1",
      "instructors": [
        "Rejanne Le Bivic"
      ],
      "seats": 25,
      "open-seats": 25,
      "waitlist": 0,
      "days": "W",
      "start": "5:30pm",
      "end": "8:00pm",
      "building": "JMZ",
      "room": "0122"
    },
    {
      "id": "PGS1",
      "instructors": [
        "Rejanne Le Bivic"
      ],
      "seats": 25,
      "open-seats": 17,
      "waitlist": 0,
      "days": "W",
      "start": "5:30pm",
      "end": "8:00pm",
      "building": "JMZ",
      "room": "0122"
    },
    {
      "id": "PLG1",
      "instructors": [
        "Rejanne Le Bivic"
      ],
      "seats": 15,
      "open-seats": 10,
      "waitlist": 0,
      "days": "W",
      "start": "5:30pm",
      "end": "8:00pm",
      "building": "",
      "room": "ONLINE"
    },
    {
      "id": "PLI1",
      "instructors": [
        "Rejanne Le Bivic"
      ],
      "seats": 15,
      "open-seats": 15,
      "waitlist": 0,
      "days": "W",
      "start": "5:30pm",
      "end": "8:00pm",
      "building": "",
      "room": "ONLINE"
    }
  ],
  "term": "202112",
  "department": "Geographical Sciences",
  "updated": "2022-01-21T18:36:34.313575Z"
}