{
  "id": "GEOG384",
  "title": "Internship in Geography I",
  "credits": "3",
  "description": "Prerequisite: GEOG211, GEOG306, GEOG212, and GEOG201; and (ENGL393 or ENGL390).\nRestriction: Must be in Geography program.",
  "grading-method": [
    "Reg",
    "P-F"
  ],
  "sections": [
    {
      "id": "I101",
      "instructors": [
        "Amanda Hall"
      ],
      "seats": 10,
      "open-seats": 9,
      "waitlist": 0,
      "days": "",
      "start": "",
      "end": "",
      "building": "",
      "room": ""
    },
    {
      "id": "I102",
      "instructors": [
        "Amanda Hall"
      ],
      "seats": 5,
      "open-seats": 5,
      "waitlist": 0,
      "days": "",
      "start": "",
      "end": "",
      "building": "",
      "room": ""
    }
  ],
  "term": "202112",
  "department": "Geographical Sciences",
  "updated": "2022-01-21T18:36:29.985156Z"
}