{
  "id": "GEOG660",
  "title": "Advanced Remote Sensing Using Lidar",
  "credits": "3",
  "description": "Prerequisite: GEOG652.\nRecommended: GEOG656 and GEOG654.\nCredit only granted for: GEOG660 or GEOG788G.\nFormerly: GEOG788G.",
  "grading-method": [
    "Reg"
  ],
  "sections": [
    {
      "id": "PGI1",
      "instructors": [
        "Rejanne Le Bivic"
      ],
      "seats": 25,
      "open-seats": 22,
      "waitlist": 0,
      "days": "M",
      "start": "5:30pm",
      "end": "8:00pm",
      "building": "LEF",
      "room": "1171"
    },
    {
      "id": "PGS1",
      "instructors": [
        "Rejanne Le Bivic"
      ],
      "seats": 25,
      "open-seats": 13,
      "waitlist": 0,
      "days": "M",
      "start": "5:30pm",
      "end": "8:00pm",
      "building": "LEF",
      "room": "1171"
    },
    {
      "id": "PLG1",
      "instructors": [
        "Rejanne Le Bivic"
      ],
      "seats": 15,
      "open-seats": 0,
      "waitlist": 0,
      "days": "M",
      "start": "5:30pm",
      "end": "8:00pm",
      "building": "",
      "room": "ONLINE"
    },
    {
      "id": "PLI1",
      "instructors": [
        "Rejanne Le Bivic"
      ],
      "seats": 15,
      "open-seats": 12,
      "waitlist": 0,
      "days": "M",
      "start": "5:30pm",
      "end": "8:00pm",
      "building": "",
      "room": "ONLINE"
    }
  ],
  "term": "202112",
  "department": "Geographical Sciences",
  "updated": "2022-01-21T18:36:36.734613Z"
}