{
  "id": "GEOG330",
  "title": "As the World Turns: Society and Sustainability in a Time of Great Change",
  "credits": "3",
  "description": "Credit only granted for: GEOG330, GEOG360, or GEOG362.\nFormerly: GEOG362.",
  "grading-method": [
    "Reg",
    "P-F",
    "Aud"
  ],
  "sections": [
    {
      "id": "WB11",
      "instructors": [
        "Rachel Lamb"
      ],
      "seats": 75,
      "open-seats": 52,
      "waitlist": 0,
      "days": "",
      "start": "",
      "end": "",
      "building": "",
      "room": "ONLINE"
    }
  ],
  "term": "202112",
  "department": "Geographical Sciences",
  "updated": "2022-01-21T18:36:27.829789Z"
}