{
  "id": "GEOG202",
  "title": "Introduction to Human Geography",
  "credits": "3",
  "description": "Introduction to what geographers do and how they do it. Systematic study of issues regarding social and cultural systems from a global to a local scale. Looks at the distribution of these variables and answers the question \"Why here, and not there\"?",
  "grading-method": [
    "Reg",
    "P-F",
    "Aud"
  ],
  "sections": [
    {
      "id": "WB11",
      "instructors": [
        "Kaihui Song"
      ],
      "seats": 50,
      "open-seats": 45,
      "waitlist": 0,
      "days": "MTuWTh",
      "start": "1:00pm",
      "end": "4:30pm",
      "building": "",
      "room": "ONLINE"
    }
  ],
  "term": "202112",
  "department": "Geographical Sciences",
  "updated": "2022-01-21T18:36:22.158344Z"
}