{
  "id": "SOCY325",
  "title": "The Sociology of Gender",
  "credits": "3",
  "description": "Prerequisite: 3 credits in SOCY courses.\nCross-listed with: WGSS325.\nCredit only granted for: SOCY325, WMST325 or WGSS325.\nFormerly: WMST325.",
  "grading-method": [
    "Reg",
    "P-F",
    "Aud"
  ],
  "sections": [
    {
      "id": "WB11",
      "instructors": [
        "Rodrigo D Martinez"
      ],
      "seats": 20,
      "open-seats": 13,
      "waitlist": 0,
      "days": "TuTh",
      "start": "9:00am",
      "end": "10:15am",
      "building": "",
      "room": "ONLINE"
    }
  ],
  "term": "202112",
  "department": "Sociology",
  "updated": "2022-01-21T18:40:03.383750Z"
}