{
  "id": "SOCY230",
  "title": "Sociological Social Psychology",
  "credits": "3",
  "description": "Theoretical perspectives and their applications. Socialization through the life course, the self-concept, attitudes, emotion, attribution, interpersonal relations, group processes, deviance, and social change.",
  "grading-method": [
    "Reg",
    "P-F",
    "Aud"
  ],
  "sections": [
    {
      "id": "WB11",
      "instructors": [
        "Kelly Beavan"
      ],
      "seats": 25,
      "open-seats": 18,
      "waitlist": 0,
      "days": "TuTh",
      "start": "11:00am",
      "end": "12:15pm",
      "building": "",
      "room": "ONLINE"
    }
  ],
  "term": "202112",
  "department": "Sociology",
  "updated": "2022-01-21T18:40:01.193181Z"
}