{
  "id": "SOCY100",
  "title": "Introduction to Sociology",
  "credits": "3",
  "description": "The fundamental concepts and principles of sociology. Includes consideration of culture, patterns of social interaction, norms, values, social institutions, stratification, and social change.",
  "grading-method": [
    "Reg",
    "P-F",
    "Aud"
  ],
  "sections": [
    {
      "id": "WB11",
      "instructors": [
        "Chandra Reyna"
      ],
      "seats": 30,
      "open-seats": 0,
      "waitlist": 0,
      "days": "",
      "start": "",
      "end": "",
      "building": "",
      "room": "ONLINE"
    }
  ],
  "term": "202112",
  "department": "Sociology",
  "updated": "2022-01-21T18:39:59.020549Z"
}