{
  "id": "SOCY241",
  "title": "Inequality in American Society",
  "credits": "3",
  "description": "Credit only granted for: SOCY241 or SOCY441.",
  "grading-method": [
    "Reg",
    "P-F",
    "Aud"
  ],
  "sections": [
    {
      "id": "WB11",
      "instructors": [
        "Simone Durham"
      ],
      "seats": 30,
      "open-seats": 18,
      "waitlist": 0,
      "days": "",
      "start": "",
      "end": "",
      "building": "",
      "room": "ONLINE"
    }
  ],
  "term": "202112",
  "department": "Sociology",
  "updated": "2022-01-21T18:40:02.285238Z"
}