{
  "id": "SOCY105",
  "title": "Introduction to Contemporary Social Problems",
  "credits": "3",
  "description": "An examination of contemporary social problems through sociological perspectives; ways in which social problems are part of the organization of society; a detailed study of selected social problems including social conflict and social inequality.",
  "grading-method": [
    "Reg",
    "P-F",
    "Aud"
  ],
  "sections": [
    {
      "id": "WB11",
      "instructors": [
        "Brian Connor"
      ],
      "seats": 25,
      "open-seats": 13,
      "waitlist": 0,
      "days": "",
      "start": "",
      "end": "",
      "building": "",
      "room": "ONLINE"
    }
  ],
  "term": "202112",
  "department": "Sociology",
  "updated": "2022-01-21T18:40:00.104368Z"
}