{
  "id": "BMGT477G",
  "title": "International Supply Chain Management",
  "credits": "3",
  "description": "The study of the importance of the supply chain management within a global context. Topics covered include: the structure, service, pricing and competitive relationships among international carriers and transport intermediaries as well as documentation, location decisions, international sourcing/distribution and management of inventory throughout the international supply chain.",
  "grading-method": [
    "Reg",
    "P-F",
    "Aud"
  ],
  "sections": [
    {
      "id": "WB11",
      "instructors": [
        "Geoffrey Milsom"
      ],
      "seats": 30,
      "open-seats": 14,
      "waitlist": 0,
      "days": "TuWThF",
      "start": "10:00am",
      "end": "1:10pm",
      "building": "",
      "room": "ONLINE"
    }
  ],
  "term": "202112",
  "department": "Business and Management",
  "updated": "2022-01-21T18:32:09.224451Z"
}