{
  "id": "BMGT220",
  "title": "Principles of Accounting I",
  "credits": "3",
  "description": "Basic theory and techniques of contemporary financial accounting. Includes the accounting cycle and the preparation of financial statements for single owner and partnership forms of business organizations operating as service companies or merchandisers.",
  "grading-method": [
    "Reg"
  ],
  "sections": [
    {
      "id": "WB11",
      "instructors": [
        "Eugene Cantor"
      ],
      "seats": 45,
      "open-seats": 4,
      "waitlist": 0,
      "days": "TuWThF",
      "start": "1:30pm",
      "end": "4:40pm",
      "building": "",
      "room": "ONLINE"
    }
  ],
  "term": "202112",
  "department": "Business and Management",
  "updated": "2022-01-21T18:32:03.510019Z"
}