{
  "id": "BMGT289I",
  "title": "Why Good Managers Make Bad Decisions",
  "credits": "3",
  "description": "This course provides an overview of the concepts, approaches, and vocabulary of evidence-based management (EBM) and provides an understanding of how experts in many disciplines can employ evidenced based decision making. EBM is an emerging movement in business to explicitly use the current best information in management decision making with special emphasis on relevant scientific findings and unbiased organizational facts. The course stresses how individuals practicing EBM learn how to rethink their approaches to data and knowledge in order to make more effective decisions.",
  "grading-method": [
    "Reg",
    "P-F",
    "Aud"
  ],
  "sections": [
    {
      "id": "WB11",
      "instructors": [
        "Jeff Miller"
      ],
      "seats": 26,
      "open-seats": 5,
      "waitlist": 0,
      "days": "TuTh",
      "start": "5:00pm",
      "end": "8:10pm",
      "building": "",
      "room": "ONLINE"
    }
  ],
  "term": "202112",
  "department": "Business and Management",
  "updated": "2022-01-21T18:32:04.584611Z"
}