{
  "id": "BMGT380",
  "title": "Business Law I",
  "credits": "3",
  "description": "Legal aspects of business relationships. Examination of torts and business crimes, contracts and agency. The law of personal property and bailment relationships. Survey of public policy issues.",
  "grading-method": [
    "Reg"
  ],
  "sections": [
    {
      "id": "WB11",
      "instructors": [
        "Justin Reyna"
      ],
      "seats": 50,
      "open-seats": 21,
      "waitlist": 0,
      "days": "MTuWThF",
      "start": "10:00am",
      "end": "12:45pm",
      "building": "",
      "room": "ONLINE"
    }
  ],
  "term": "202112",
  "department": "Business and Management",
  "updated": "2022-01-21T18:32:08.142890Z"
}