{
  "id": "BMGT364",
  "title": "Managing People and Organizations",
  "credits": "3",
  "description": "An introduction to selected aspects of human behavior in organizations generally known as organizational behavior (OB). This course is designed to help students develop systematic and fundamental understanding of people and their behaviors in organizations, as well as useful abilities and skills required to effectively and ethically manage various individual, interpersonal, group, and organization-level processes.",
  "grading-method": [
    "Reg"
  ],
  "sections": [
    {
      "id": "WB11",
      "instructors": [
        "Adina Dabu"
      ],
      "seats": 45,
      "open-seats": 5,
      "waitlist": 0,
      "days": "TuWThF",
      "start": "10:00am",
      "end": "1:10pm",
      "building": "",
      "room": "ONLINE"
    }
  ],
  "term": "202112",
  "department": "Business and Management",
  "updated": "2022-01-21T18:32:06.751291Z"
}