{
  "id": "BMGT301",
  "title": "Introduction to Information Systems",
  "credits": "3",
  "description": "Restriction: Must be in a major in BMGT-Robert H. Smith School of Business.\nAdditional information: CMSC majors will not receive credit for this course towards their upper level concentration in their CMSC major. All BMGT majors, including students who are a double major in CMSC, must complete BMGT301 for their BMGT degree.",
  "grading-method": [
    "Reg"
  ],
  "sections": [
    {
      "id": "WB11",
      "instructors": [
        "Zeinab Karake"
      ],
      "seats": 40,
      "open-seats": 14,
      "waitlist": 0,
      "days": "TuWThF",
      "start": "2:00pm",
      "end": "5:00pm",
      "building": "",
      "room": "ONLINE"
    }
  ],
  "term": "202112",
  "department": "Business and Management",
  "updated": "2022-01-21T18:32:05.660947Z"
}