{
  "id": "BMGT110",
  "title": "Introduction to the Business Value Chain",
  "credits": "3",
  "description": "Students are provided with an introduction to the business value chain with an emphasis on inter-organizational and intra-organizational coordination of core business processes. Emphasis is on cross-functional integration and the efficient and effective management of core processes with an emphasis on marketing, operations and supply chain management.",
  "grading-method": [
    "Reg"
  ],
  "sections": [
    {
      "id": "WB11",
      "instructors": [
        "Hugh Turner"
      ],
      "seats": 40,
      "open-seats": 26,
      "waitlist": 0,
      "days": "",
      "start": "",
      "end": "",
      "building": "",
      "room": "ONLINE"
    }
  ],
  "term": "202112",
  "department": "Business and Management",
  "updated": "2022-01-21T18:32:02.434571Z"
}