{
  "id": "CBMG899",
  "title": "Doctoral Dissertation Research",
  "credits": "1",
  "description": "",
  "grading-method": [
    "S-F"
  ],
  "sections": [
    {
      "id": "0121",
      "instructors": [
        "Jeffrey DeStefano"
      ],
      "seats": 10,
      "open-seats": 10,
      "waitlist": 0,
      "days": "",
      "start": "",
      "end": "",
      "building": "",
      "room": ""
    },
    {
      "id": "0155",
      "instructors": [
        "Volker Briken"
      ],
      "seats": 1,
      "open-seats": 1,
      "waitlist": 0,
      "days": "",
      "start": "",
      "end": "",
      "building": "",
      "room": ""
    }
  ],
  "term": "202112",
  "department": "Cell Biology & Molecular Genetics",
  "updated": "2022-01-21T18:32:37.248374Z"
}