{
  "id": "ENCE689",
  "title": "Seminar",
  "credits": "1",
  "description": "",
  "grading-method": [
    "Reg",
    "Aud"
  ],
  "sections": [
    {
      "id": "0112",
      "instructors": [
        "Peter Chang"
      ],
      "seats": 1,
      "open-seats": 1,
      "waitlist": 0,
      "days": "",
      "start": "",
      "end": "",
      "building": "",
      "room": ""
    },
    {
      "id": "0190",
      "instructors": [
        "Gang-Len Chang"
      ],
      "seats": 5,
      "open-seats": 5,
      "waitlist": 0,
      "days": "",
      "start": "",
      "end": "",
      "building": "",
      "room": ""
    }
  ],
  "term": "202112",
  "department": "Engineering, Civil",
  "updated": "2022-01-21T18:34:42.317316Z"
}