{
  "id": "ENCE899",
  "title": "Doctoral Dissertation Research",
  "credits": "1",
  "description": "",
  "grading-method": [
    "S-F"
  ],
  "sections": [
    {
      "id": "0102",
      "instructors": [
        "Peter Chang"
      ],
      "seats": 5,
      "open-seats": 4,
      "waitlist": 0,
      "days": "",
      "start": "",
      "end": "",
      "building": "",
      "room": ""
    },
    {
      "id": "0106",
      "instructors": [
        "Gregory Baecher"
      ],
      "seats": 5,
      "open-seats": 5,
      "waitlist": 0,
      "days": "",
      "start": "",
      "end": "",
      "building": "",
      "room": ""
    },
    {
      "id": "0108",
      "instructors": [
        "Ali Haghani"
      ],
      "seats": 2,
      "open-seats": 2,
      "waitlist": 0,
      "days": "",
      "start": "",
      "end": "",
      "building": "",
      "room": ""
    },
    {
      "id": "0120",
      "instructors": [
        "Yunfeng Zhang"
      ],
      "seats": 2,
      "open-seats": 2,
      "waitlist": 0,
      "days": "",
      "start": "",
      "end": "",
      "building": "",
      "room": ""
    },
    {
      "id": "0121",
      "instructors": [
        "Steven Gabriel"
      ],
      "seats": 5,
      "open-seats": 5,
      "waitlist": 0,
      "days": "",
      "start": "",
      "end": "",
      "building": "",
      "room": ""
    },
    {
      "id": "0124",
      "instructors": [
        "Gang-Len Chang"
      ],
      "seats": 5,
      "open-seats": 5,
      "waitlist": 0,
      "days": "",
      "start": "",
      "end": "",
      "building": "",
      "room": ""
    },
    {
      "id": "0148",
      "instructors": [
        "Lei Zhang"
      ],
      "seats": 5,
      "open-seats": 4,
      "waitlist": 0,
      "days": "",
      "start": "",
      "end": "",
      "building": "",
      "room": ""
    }
  ],
  "term": "202112",
  "department": "Engineering, Civil",
  "updated": "2022-01-21T18:34:44.516944Z"
}