{
  "id": "ENSE799",
  "title": "Systems Engineering Thesis",
  "credits": "1",
  "description": "",
  "grading-method": [
    "S-F"
  ],
  "sections": [
    {
      "id": "0102",
      "instructors": [
        "John Baras"
      ],
      "seats": 1,
      "open-seats": 1,
      "waitlist": 0,
      "days": "",
      "start": "",
      "end": "",
      "building": "",
      "room": ""
    },
    {
      "id": "0116",
      "instructors": [
        "Jeffrey Herrmann"
      ],
      "seats": 50,
      "open-seats": 50,
      "waitlist": 0,
      "days": "",
      "start": "",
      "end": "",
      "building": "",
      "room": ""
    },
    {
      "id": "0125",
      "instructors": [
        "Gang Qu"
      ],
      "seats": 10,
      "open-seats": 10,
      "waitlist": 0,
      "days": "",
      "start": "",
      "end": "",
      "building": "",
      "room": ""
    }
  ],
  "term": "202112",
  "department": "Systems Engineering",
  "updated": "2022-01-21T18:35:29.336295Z"
}