{
  "id": "URSP688K",
  "title": "Recent Developments in Urban Studies; Urban Design Software",
  "credits": "3",
  "description": "",
  "grading-method": [
    "Reg",
    "Aud"
  ],
  "sections": [
    {
      "id": "0101",
      "instructors": [
        "Amber Wendland"
      ],
      "seats": 20,
      "open-seats": 11,
      "waitlist": 0,
      "days": "MTuWThF",
      "start": "6:00pm",
      "end": "8:45pm",
      "building": "JMZ",
      "room": "1224"
    }
  ],
  "term": "202112",
  "department": "Urban Studies and Planning",
  "updated": "2022-01-21T18:40:38.429683Z"
}