{
  "id": "SPAN103",
  "title": "Intensive Elementary Spanish",
  "credits": "4",
  "description": "Prerequisite: Must have appropriate Foreign Language Placement Test (FLPT) score.\nRestriction: Must not be a native/fluent speaker of Spanish.\nCredit only granted for: SPAN102 or SPAN103.",
  "grading-method": [
    "Reg",
    "P-F",
    "Aud"
  ],
  "sections": [
    {
      "id": "WB11",
      "instructors": [
        "Maureen Wrightson"
      ],
      "seats": 25,
      "open-seats": 16,
      "waitlist": 0,
      "days": "",
      "start": "",
      "end": "",
      "building": "",
      "room": "ONLINE"
    }
  ],
  "term": "202112",
  "department": "Spanish",
  "updated": "2022-01-21T18:40:05.852604Z"
}