{
  "id": "SPAN203",
  "title": "Intensive Intermediate Spanish",
  "credits": "4",
  "description": "Prerequisite: SPAN103; or must have appropriate Foreign Language Placement Test (FLPT) score.\nRestriction: Must not be a native/fluent speaker of Spanish.",
  "grading-method": [
    "Reg",
    "P-F",
    "Aud"
  ],
  "sections": [
    {
      "id": "WB11",
      "instructors": [
        "Maria Herrera Arvay"
      ],
      "seats": 25,
      "open-seats": 17,
      "waitlist": 0,
      "days": "",
      "start": "",
      "end": "",
      "building": "",
      "room": "ONLINE"
    },
    {
      "id": "WB12",
      "instructors": [
        "Tatiana Chi Miranda"
      ],
      "seats": 25,
      "open-seats": 18,
      "waitlist": 0,
      "days": "",
      "start": "",
      "end": "",
      "building": "",
      "room": "ONLINE"
    },
    {
      "id": "WB13",
      "instructors": [
        "Daniela Bulansky"
      ],
      "seats": 25,
      "open-seats": 17,
      "waitlist": 0,
      "days": "",
      "start": "",
      "end": "",
      "building": "",
      "room": "ONLINE"
    },
    {
      "id": "WB14",
      "instructors": [
        "Daniela Hernandez"
      ],
      "seats": 25,
      "open-seats": 14,
      "waitlist": 0,
      "days": "",
      "start": "",
      "end": "",
      "building": "",
      "room": "ONLINE"
    }
  ],
  "term": "202112",
  "department": "Spanish",
  "updated": "2022-01-21T18:40:06.941498Z"
}