{
  "id": "SPAN204",
  "title": "Spanish Grammar Review",
  "credits": "3",
  "description": "Prerequisite: SPAN203; or must have appropriate Foreign Language Placement Test (FLPT) score.\nRestriction: Not open to fluent/native speakers of Spanish.",
  "grading-method": [
    "Reg",
    "P-F",
    "Aud"
  ],
  "sections": [
    {
      "id": "WB11",
      "instructors": [
        "Jackson Monzon"
      ],
      "seats": 25,
      "open-seats": 19,
      "waitlist": 0,
      "days": "",
      "start": "",
      "end": "",
      "building": "",
      "room": "ONLINE"
    }
  ],
  "term": "202112",
  "department": "Spanish",
  "updated": "2022-01-21T18:40:08.068524Z"
}