{
  "id": "SPAN301",
  "title": "Advanced Grammar and Composition I",
  "credits": "3",
  "description": "Prerequisite: Must have completed or be concurrently enrolled in SPAN207.",
  "grading-method": [
    "Reg",
    "P-F",
    "Aud"
  ],
  "sections": [
    {
      "id": "WB11",
      "instructors": [
        "Juan Diaz"
      ],
      "seats": 20,
      "open-seats": 13,
      "waitlist": 0,
      "days": "",
      "start": "",
      "end": "",
      "building": "",
      "room": "ONLINE"
    }
  ],
  "term": "202112",
  "department": "Spanish",
  "updated": "2022-01-21T18:40:09.150278Z"
}