{
  "id": "SPAN408U",
  "title": "Special Topics in Iberian and Latin American Studies; Digitalizing Latinx Borders",
  "credits": "3",
  "description": "This course is about how contemporary migrant stories can shape our perception and reality in the digital era. We will read, watch, explore, theorize, and engage in analytical discussions about digital projects, novels, short stories, and documentaries that tell stories about undocumented migration in Latin America, as well as about physical, geographical, methodological, and metaphorical borders. Most importantly, this course will help us imagine, share and make an impact in the digital world with the stories we want to tell using social media and multimedia projects as essential tools to create socially responsible communities. Taught in English.",
  "grading-method": [
    "Reg",
    "P-F",
    "Aud"
  ],
  "sections": [
    {
      "id": "WB11",
      "instructors": [
        "Nidia Reyes"
      ],
      "seats": 20,
      "open-seats": 10,
      "waitlist": 0,
      "days": "",
      "start": "",
      "end": "",
      "building": "",
      "room": "ONLINE"
    }
  ],
  "term": "202112",
  "department": "Spanish",
  "updated": "2022-01-21T18:40:10.452927Z"
}