{
  "id": "MIEH400",
  "title": "Introduction to Global Health",
  "credits": "3",
  "description": "Prerequisite: Minimum grade of C- in MIEH300; and 1 course with a minimum grade of C- from (SPHL100, PHSC300).\nRestriction: Must be in the Public Health Science program or must have permission of the program director; and must have completed 60 credits.\nCredit only granted for: MIEH400 or SPHL498A.\nFormerly: SPHL498A.",
  "grading-method": [
    "Reg"
  ],
  "sections": [
    {
      "id": "WB11",
      "instructors": [
        "Amir Sapkota"
      ],
      "seats": 40,
      "open-seats": 0,
      "waitlist": 0,
      "days": "",
      "start": "",
      "end": "",
      "building": "",
      "room": "ONLINE"
    }
  ],
  "term": "202112",
  "department": "Maryland Institute for Applied Environmental Health",
  "updated": "2022-01-21T18:38:50.011888Z"
}