{
  "id": "MIEH620",
  "title": "Global Health Communication and Promotion",
  "credits": "3",
  "description": "Recommended: MIEH605.\nCredit only granted for: SPHL620 or SPHL698C.\nFormerly: SPHL698C.",
  "grading-method": [
    "Reg",
    "Aud"
  ],
  "sections": [
    {
      "id": "GH01",
      "instructors": [
        "Muhiuddin Haider"
      ],
      "seats": 18,
      "open-seats": 7,
      "waitlist": 0,
      "days": "MW",
      "start": "5:00pm",
      "end": "7:00pm",
      "building": "",
      "room": "ONLINE"
    }
  ],
  "term": "202112",
  "department": "Maryland Institute for Applied Environmental Health",
  "updated": "2022-01-21T18:38:51.091234Z"
}