{
  "id": "AMSC762",
  "title": "Data Analysis Project",
  "credits": "1",
  "description": "Restriction: Permission of CMNS-Applied Mathematics department; and permission of instructor.",
  "grading-method": [
    "Reg"
  ],
  "sections": [
    {
      "id": "0101",
      "instructors": [
        "Konstantina Trivisa"
      ],
      "seats": 10,
      "open-seats": 10,
      "waitlist": 0,
      "days": "",
      "start": "",
      "end": "",
      "building": "",
      "room": ""
    }
  ],
  "term": "202112",
  "department": "Applied Mathematics & Scientific Computation",
  "updated": "2022-01-21T18:30:53.050531Z"
}