{
  "id": "HIST329P",
  "title": "Special Topics in History; From Body Snatchers to Jack the Ripper: Scandal and Crime in Victorian Britain",
  "credits": "3",
  "description": "",
  "grading-method": [
    "Reg",
    "P-F",
    "Aud"
  ],
  "sections": [
    {
      "id": "WB11",
      "instructors": [
        "Julie Taddeo"
      ],
      "seats": 40,
      "open-seats": 31,
      "waitlist": 0,
      "days": "",
      "start": "",
      "end": "",
      "building": "",
      "room": "ONLINE"
    }
  ],
  "term": "202112",
  "department": "History",
  "updated": "2022-01-21T18:37:18.509767Z"
}