{
  "id": "HIST329B",
  "title": "Special Topics in History; Drugs in the Modern World: From the Opium Wars to the War on Drugs",
  "credits": "3",
  "description": "This course explores the history of drugs in a global context by focusing on the origins and demand for drugs including opium, alcohol, caffeine, cocaine, marijuana, heroin, OxyContin, and Viagra.",
  "grading-method": [
    "Reg",
    "P-F",
    "Aud"
  ],
  "sections": [
    {
      "id": "WB11",
      "instructors": [
        "Daniel Richter"
      ],
      "seats": 40,
      "open-seats": 34,
      "waitlist": 0,
      "days": "",
      "start": "",
      "end": "",
      "building": "",
      "room": "ONLINE"
    }
  ],
  "term": "202112",
  "department": "History",
  "updated": "2022-01-21T18:37:17.433419Z"
}