{
  "id": "HIST201",
  "title": "Interpreting American History: From 1865 to the Present",
  "credits": "3",
  "description": "Credit only granted for: HIST157 or HIST201.\nFormerly: HIST157.",
  "grading-method": [
    "Reg",
    "P-F",
    "Aud"
  ],
  "sections": [
    {
      "id": "WB11",
      "instructors": [
        "Robert Chiles"
      ],
      "seats": 40,
      "open-seats": 5,
      "waitlist": 0,
      "days": "",
      "start": "",
      "end": "",
      "building": "",
      "room": "ONLINE"
    }
  ],
  "term": "202112",
  "department": "History",
  "updated": "2022-01-21T18:37:14.209112Z"
}