{
  "id": "HIST339R",
  "title": "Special Topics in History; A World of Warcraft: Video Games and the Representation of History",
  "credits": "3",
  "description": "Students will take a thematic approach to how history is both remembered and recreated through the medium of video games, such as Age of Empires, Total War, Assassin's Creed, and Civilization. In analyzing how these video games portray past wars and cultures, we will examine what really happened according to primary sources, as well as the benefits and pitfalls of recreating the past through popular media.",
  "grading-method": [
    "Reg",
    "P-F",
    "Aud"
  ],
  "sections": [
    {
      "id": "WB11",
      "instructors": [
        "Jordan Slavik"
      ],
      "seats": 40,
      "open-seats": 34,
      "waitlist": 0,
      "days": "",
      "start": "",
      "end": "",
      "building": "",
      "room": "ONLINE"
    }
  ],
  "term": "202112",
  "department": "History",
  "updated": "2022-01-21T18:37:20.676161Z"
}