{
  "id": "HIST329V",
  "title": "Special Topics in History; American Baseball History",
  "credits": "3",
  "description": "Surveys the major problems of U.S. history from the late Antebellum period to the present using baseball as a lens. We will examine baseball's role in the development of American identity, class struggle, labor organization, immigrant experiences, gender roles, racial segregation, and social/political movements.",
  "grading-method": [
    "Reg",
    "P-F",
    "Aud"
  ],
  "sections": [
    {
      "id": "WB11",
      "instructors": [
        "Kerry Tanner"
      ],
      "seats": 40,
      "open-seats": 24,
      "waitlist": 0,
      "days": "",
      "start": "",
      "end": "",
      "building": "",
      "room": "ONLINE"
    }
  ],
  "term": "202112",
  "department": "History",
  "updated": "2022-01-21T18:37:19.591730Z"
}