{
  "id": "HIST328E",
  "title": "Selected Topics in History; The Politics of the Apocalypse: Imagining the World's End in Modern Times",
  "credits": "3",
  "description": "This course will explore apocalyptic concerns from ancient times through the present COVID-19 pandemic, focusing on three domains: religion, politics, and technology. The course will also challenge students to see history itself as a bone of contention, a subject of interpretation, rather than a fixed story of progress toward a predetermined end.",
  "grading-method": [
    "Reg",
    "P-F",
    "Aud"
  ],
  "sections": [
    {
      "id": "WB11",
      "instructors": [
        "Piotr H Kosicki"
      ],
      "seats": 40,
      "open-seats": 35,
      "waitlist": 0,
      "days": "",
      "start": "",
      "end": "",
      "building": "",
      "room": "ONLINE"
    }
  ],
  "term": "202112",
  "department": "History",
  "updated": "2022-01-21T18:37:15.283424Z"
}