{
  "id": "HIST137",
  "title": "Pursuits of Happiness: Ordinary Lives in the American Revolution",
  "credits": "3",
  "description": "Credit only granted for: HIST137 or HNUH218A.",
  "grading-method": [
    "Reg",
    "P-F",
    "Aud"
  ],
  "sections": [
    {
      "id": "WB11",
      "instructors": [
        "Richard Bell"
      ],
      "seats": 40,
      "open-seats": 32,
      "waitlist": 0,
      "days": "",
      "start": "",
      "end": "",
      "building": "",
      "room": "ONLINE"
    }
  ],
  "term": "202112",
  "department": "History",
  "updated": "2022-01-21T18:37:13.134232Z"
}