{
  "id": "HIST328X",
  "title": "Selected Topics in History; Behind \"A Game of Thrones\": Modern Medievalism in Popular Culture",
  "credits": "3",
  "description": "George R.R. Martin says that the characters of \"A Game of Thrones\" inhabit a world based on the European Middle Ages. This course explores that world, examines the real cultures and events that inspired it, and considers the complex question of how modern depictions of the past reflect our own beliefs, interests, and concerns.",
  "grading-method": [
    "Reg",
    "P-F",
    "Aud"
  ],
  "sections": [
    {
      "id": "WB11",
      "instructors": [
        "Courtney Dahlke"
      ],
      "seats": 40,
      "open-seats": 28,
      "waitlist": 0,
      "days": "",
      "start": "",
      "end": "",
      "building": "",
      "room": "ONLINE"
    }
  ],
  "term": "202112",
  "department": "History",
  "updated": "2022-01-21T18:37:16.359158Z"
}