{
  "id": "THET491",
  "title": "Theatrical Rendering Using Photoshop",
  "credits": "3",
  "description": "Prerequisite: THET471.\nCredit only granted for: THET491 or THET428O.\nFormerly: THET428O.",
  "grading-method": [
    "Reg",
    "P-F",
    "Aud"
  ],
  "sections": [
    {
      "id": "0101",
      "instructors": [
        "Daniel Conway"
      ],
      "seats": 12,
      "open-seats": 3,
      "waitlist": 0,
      "days": "MTuWThF",
      "start": "9:00am",
      "end": "12:00pm",
      "building": "PAC",
      "room": "2727"
    }
  ],
  "term": "202112",
  "department": "Theatre",
  "updated": "2022-01-21T18:40:19.176808Z"
}