{
  "id": "THET428I",
  "title": "Special Topics in Advanced Theatre and Performance; Digital Technology for Site Specific Performance",
  "credits": "2",
  "description": "In this course, students will explore the intersections between digital technology and site specific performance building. Integrating skills to develop performance-based technology, students will be encouraged to build and perform original ideas that are inspired by locations campus-wide. This course focuses on interdisciplinary and collaborative practices, and so students from all art disciplines are encouraged to enroll.",
  "grading-method": [
    "Reg",
    "P-F"
  ],
  "sections": [
    {
      "id": "0101",
      "instructors": [
        "Jared Mezzocchi"
      ],
      "seats": 12,
      "open-seats": 0,
      "waitlist": 0,
      "days": "TuWThF",
      "start": "10:00am",
      "end": "2:00pm",
      "building": "PAC",
      "room": "2733"
    }
  ],
  "term": "202112",
  "department": "Theatre",
  "updated": "2022-01-21T18:40:18.092350Z"
}