{
  "id": "THET285",
  "title": "The Art of Communication and Presentation",
  "credits": "3",
  "description": "Credit only granted for: COMM107, COMM200, INAG110, JOUR130, or THET285.",
  "grading-method": [
    "Reg",
    "P-F",
    "Aud"
  ],
  "sections": [
    {
      "id": "WB11",
      "instructors": [
        "Leslie Felbain"
      ],
      "seats": 12,
      "open-seats": 0,
      "waitlist": 0,
      "days": "MTuWThF",
      "start": "9:00am",
      "end": "12:00pm",
      "building": "",
      "room": "ONLINE"
    },
    {
      "id": "WB12",
      "instructors": [
        "Jared Strange"
      ],
      "seats": 12,
      "open-seats": 1,
      "waitlist": 0,
      "days": "MTuWThF",
      "start": "9:00am",
      "end": "12:00pm",
      "building": "",
      "room": "ONLINE"
    }
  ],
  "term": "202112",
  "department": "Theatre",
  "updated": "2022-01-21T18:40:15.916144Z"
}