{
  "id": "THET899",
  "title": "Doctoral Dissertation Research",
  "credits": "4",
  "description": "",
  "grading-method": [
    "S-F"
  ],
  "sections": [
    {
      "id": "WB11",
      "instructors": [
        "Maura Keefe"
      ],
      "seats": 1,
      "open-seats": 1,
      "waitlist": 0,
      "days": "",
      "start": "",
      "end": "",
      "building": "",
      "room": "ONLINE"
    }
  ],
  "term": "202112",
  "department": "Theatre",
  "updated": "2022-01-21T18:40:28.901161Z"
}