{
  "id": "THET669",
  "title": "Independent Study; Independent Study",
  "credits": "1",
  "description": "",
  "grading-method": [
    "Reg",
    "Aud"
  ],
  "sections": [
    {
      "id": "0101",
      "instructors": [
        "Jared Mezzocchi"
      ],
      "seats": 5,
      "open-seats": 4,
      "waitlist": 0,
      "days": "",
      "start": "",
      "end": "",
      "building": "",
      "room": ""
    },
    {
      "id": "0102",
      "instructors": [
        "Misha Kachman"
      ],
      "seats": 5,
      "open-seats": 5,
      "waitlist": 0,
      "days": "",
      "start": "",
      "end": "",
      "building": "",
      "room": ""
    },
    {
      "id": "0103",
      "instructors": [
        "Van Tran Nguyen"
      ],
      "seats": 3,
      "open-seats": 2,
      "waitlist": 0,
      "days": "",
      "start": "",
      "end": "",
      "building": "",
      "room": ""
    }
  ],
  "term": "202112",
  "department": "Theatre",
  "updated": "2022-01-21T18:40:20.249008Z"
}