{
  "id": "THET669G",
  "title": "Independent Study; Devising a Sound Score: Un Espectro Real",
  "credits": "1",
  "description": "",
  "grading-method": [
    "Reg",
    "Aud",
    "S-F"
  ],
  "sections": [
    {
      "id": "WB11",
      "instructors": [
        "Samuel Crawford"
      ],
      "seats": 15,
      "open-seats": 8,
      "waitlist": 0,
      "days": "",
      "start": "",
      "end": "",
      "building": "",
      "room": "ONLINE"
    }
  ],
  "term": "202112",
  "department": "Theatre",
  "updated": "2022-01-21T18:40:21.337376Z"
}