{
  "id": "THET669P",
  "title": "Independent Study; Photoshop",
  "credits": "3",
  "description": "",
  "grading-method": [
    "Reg",
    "Aud",
    "S-F"
  ],
  "sections": [
    {
      "id": "0101",
      "instructors": [
        "Daniel Conway"
      ],
      "seats": 12,
      "open-seats": 3,
      "waitlist": 0,
      "days": "MTuWThF",
      "start": "9:00am",
      "end": "12:00pm",
      "building": "PAC",
      "room": "2727"
    }
  ],
  "term": "202112",
  "department": "Theatre",
  "updated": "2022-01-21T18:40:23.504134Z"
}