{
  "id": "BISI899",
  "title": "Doctoral Dissertation Research",
  "credits": "1",
  "description": "",
  "grading-method": [
    "S-F"
  ],
  "sections": [
    {
      "id": "0102",
      "instructors": [
        "Hector Corrada Bravo"
      ],
      "seats": 1,
      "open-seats": 1,
      "waitlist": 0,
      "days": "",
      "start": "",
      "end": "",
      "building": "",
      "room": ""
    }
  ],
  "term": "202112",
  "department": "Biological Sciences",
  "updated": "2022-01-21T18:32:00.879520Z"
}