{
  "id": "WGSS326",
  "title": "Biology of Reproduction",
  "credits": "3",
  "description": "Prerequisite: BSCI170 and BSCI171; or BSCI105; or permission of the Harriet Tubman Department of Women, Gender, and Sexuality Studies; or permission of CMNS-Biological Sciences UG Program.\nCross-listed with: BSCI342.\nCredit only granted for: BSCI342, WMST326 or WGSS326.\nFormerly: WMST326.",
  "grading-method": [
    "Reg",
    "P-F",
    "Aud"
  ],
  "sections": [
    {
      "id": "WB11",
      "instructors": [
        "Justicia Opoku-Edusei"
      ],
      "seats": 30,
      "open-seats": 13,
      "waitlist": 0,
      "days": "",
      "start": "",
      "end": "",
      "building": "",
      "room": "ONLINE"
    }
  ],
  "term": "202112",
  "department": "Women, Gender, and Sexuality Studies",
  "updated": "2022-01-21T18:40:42.059853Z"
}