{
  "id": "WGSS290",
  "title": "Bodies in Contention",
  "credits": "3",
  "description": "Credit only granted for: WMST298D or WGSS290.\nFormerly: WMST298D.",
  "grading-method": [
    "Reg"
  ],
  "sections": [
    {
      "id": "WB11",
      "instructors": [
        "Sydney Lewis"
      ],
      "seats": 30,
      "open-seats": 16,
      "waitlist": 0,
      "days": "",
      "start": "",
      "end": "",
      "building": "",
      "room": "ONLINE"
    }
  ],
  "term": "202112",
  "department": "Women, Gender, and Sexuality Studies",
  "updated": "2022-01-21T18:40:40.983427Z"
}