{
  "id": "EPIB301",
  "title": "Epidemiology for Public Health Practice",
  "credits": "3",
  "description": "Restriction: Must be in Public Health Science program; or must be in Community Health program. And must have earned a minimum of 45 credits.\nCross-listed with: HLTH301.\nCredit only granted for: EPIB301 or HLTH301.",
  "grading-method": [
    "Reg",
    "P-F",
    "Aud"
  ],
  "sections": [
    {
      "id": "WB11",
      "instructors": [
        "Jamie Trevitt"
      ],
      "seats": 40,
      "open-seats": 15,
      "waitlist": 0,
      "days": "",
      "start": "",
      "end": "",
      "building": "",
      "room": "ONLINE"
    },
    {
      "id": "WB12",
      "instructors": [
        "Jamie Trevitt"
      ],
      "seats": 20,
      "open-seats": 17,
      "waitlist": 0,
      "days": "",
      "start": "",
      "end": "",
      "building": "",
      "room": "ONLINE"
    }
  ],
  "term": "202112",
  "department": "Epidemiology and Biostatistics",
  "updated": "2022-01-21T18:35:36.729514Z"
}