{
  "id": "ENPM808",
  "title": "Advanced Topics in Engineering",
  "credits": "1",
  "description": "",
  "grading-method": [
    "Reg",
    "Aud"
  ],
  "sections": [
    {
      "id": "CP01",
      "instructors": [
        "George Syrmos"
      ],
      "seats": 10,
      "open-seats": 9,
      "waitlist": 0,
      "days": "",
      "start": "",
      "end": "",
      "building": "",
      "room": ""
    },
    {
      "id": "DE01",
      "instructors": [
        "George Syrmos"
      ],
      "seats": 1,
      "open-seats": 0,
      "waitlist": 0,
      "days": "",
      "start": "",
      "end": "",
      "building": "",
      "room": "ONLINE"
    }
  ],
  "term": "202112",
  "department": "Engineering, Professional Masters",
  "updated": "2022-01-21T18:35:25.781687Z"
}