{
  "id": "ANSC386",
  "title": "Experiential Learning",
  "credits": "3",
  "description": "Prerequisite: Permission of AGNR-Animal & Avian Sciences department.\nRestriction: Junior standing or higher.",
  "grading-method": [
    "Reg",
    "P-F"
  ],
  "sections": [
    {
      "id": "0101",
      "instructors": [
        "Instructor: TBA"
      ],
      "seats": 10,
      "open-seats": 10,
      "waitlist": 0,
      "days": "",
      "start": "",
      "end": "",
      "building": "",
      "room": ""
    },
    {
      "id": "0118",
      "instructors": [
        "Christine Hakenkamp"
      ],
      "seats": 10,
      "open-seats": 10,
      "waitlist": 0,
      "days": "",
      "start": "",
      "end": "",
      "building": "",
      "room": ""
    }
  ],
  "term": "202112",
  "department": "Animal Science",
  "updated": "2022-01-21T18:31:00.006816Z"
}