{
  "id": "ANSC699",
  "title": "Special Problems in Animal Science",
  "credits": "1",
  "description": "",
  "grading-method": [
    "Reg",
    "Aud",
    "S-F"
  ],
  "sections": [
    {
      "id": "0142",
      "instructors": [
        "Carol Keefer"
      ],
      "seats": 5,
      "open-seats": 5,
      "waitlist": 0,
      "days": "",
      "start": "",
      "end": "",
      "building": "",
      "room": ""
    }
  ],
  "term": "202112",
  "department": "Animal Science",
  "updated": "2022-01-21T18:31:04.327214Z"
}