{
  "id": "ANSC497",
  "title": "Animal Biotechnology Recombinant DNA Laboratory",
  "credits": "3",
  "description": "Prerequisite: ANSC327; or students who have taken courses with comparable content may contact the department.\nRecommended: ANSC437 and ANSC435.",
  "grading-method": [
    "Reg",
    "P-F",
    "Aud"
  ],
  "sections": [
    {
      "id": "0101",
      "instructors": [
        "Lisa Taneyhill"
      ],
      "seats": 10,
      "open-seats": 3,
      "waitlist": 0,
      "days": "MTuWThF",
      "start": "9:00am",
      "end": "5:00pm",
      "building": "ANS",
      "room": "0108"
    }
  ],
  "term": "202112",
  "department": "Animal Science",
  "updated": "2022-01-21T18:31:02.150406Z"
}