{
  "id": "PSYC437",
  "title": "The Assessment and Treatment of Addictive Behaviors",
  "credits": "3",
  "description": "Prerequisite: PSYC100; and 9 credits in PSYC courses.",
  "grading-method": [
    "Reg",
    "P-F",
    "Aud"
  ],
  "sections": [
    {
      "id": "WB11",
      "instructors": [
        "Christopher Seitz-Brown"
      ],
      "seats": 30,
      "open-seats": 0,
      "waitlist": 0,
      "days": "",
      "start": "",
      "end": "",
      "building": "",
      "room": "ONLINE"
    }
  ],
  "term": "202112",
  "department": "Psychology",
  "updated": "2022-01-21T18:39:38.092902Z"
}