{
  "id": "PSYC334",
  "title": "Psychology of Interpersonal Relationships",
  "credits": "3",
  "description": "Prerequisite: PSYC100.",
  "grading-method": [
    "Reg",
    "P-F",
    "Aud"
  ],
  "sections": [
    {
      "id": "WB11",
      "instructors": [
        "Maria Wydra"
      ],
      "seats": 35,
      "open-seats": 5,
      "waitlist": 0,
      "days": "",
      "start": "",
      "end": "",
      "building": "",
      "room": "ONLINE"
    }
  ],
  "term": "202112",
  "department": "Psychology",
  "updated": "2022-01-21T18:39:33.771609Z"
}