{
  "id": "PSYC653",
  "title": "The Business of Evaluation: Research Methods at Work",
  "credits": "3",
  "description": "Prerequisite: PSYC652.\nAdditional information: Course builds from work completed in PSYC 652. Students are also expected to commit to a two-term long project. Students will work with a non-profit organization or local business to ask and answer a business question for the organization. Students will conclude this project in PSYC 654.",
  "grading-method": [
    "Reg",
    "Aud"
  ],
  "sections": [
    {
      "id": "PCI1",
      "instructors": [
        "Matthew Montei"
      ],
      "seats": 40,
      "open-seats": 19,
      "waitlist": 0,
      "days": "M",
      "start": "5:00pm",
      "end": "8:30pm",
      "building": "BPS",
      "room": "1140B"
    }
  ],
  "term": "202112",
  "department": "Psychology",
  "updated": "2022-01-21T18:39:43.499300Z"
}