{
  "id": "PSYC200",
  "title": "Statistical Methods in Psychology",
  "credits": "3",
  "description": "Prerequisite: PSYC100; and 1 course with a minimum grade of C- from (STAT100, MATH107, MATH111, MATH120, MATH130, MATH136, or MATH140).\nCredit only granted for: BIOM301, BMGT230, CCJS200, ECON230, EDMS451, GEOG306, GEOL351, GVPT422, INST314, JOUR405, PSYC200 or SOCY201.",
  "grading-method": [
    "Reg",
    "P-F",
    "Aud"
  ],
  "sections": [
    {
      "id": "WB11",
      "instructors": [
        "Tracy Tomlinson"
      ],
      "seats": 60,
      "open-seats": 27,
      "waitlist": 0,
      "days": "",
      "start": "",
      "end": "",
      "building": "",
      "room": "ONLINE"
    }
  ],
  "term": "202112",
  "department": "Psychology",
  "updated": "2022-01-21T18:39:31.588742Z"
}