{
  "id": "PSYC489M",
  "title": "Advanced Special Topics in Psychology; Psychology of Friendship",
  "credits": "3",
  "description": "Why do we need friends? How do I make friends? Why do I struggle to keep friends? Students will learn theory on how friendship improves our lives, the science behind how to make and maintain friendships, and how to survive and thrive after friendships end.",
  "grading-method": [
    "Reg",
    "P-F",
    "Aud"
  ],
  "sections": [
    {
      "id": "WB11",
      "instructors": [
        "Marisa Franco"
      ],
      "seats": 15,
      "open-seats": 2,
      "waitlist": 0,
      "days": "MF",
      "start": "10:00am",
      "end": "12:00pm",
      "building": "",
      "room": "ONLINE"
    }
  ],
  "term": "202112",
  "department": "Psychology",
  "updated": "2022-01-21T18:39:39.165693Z"
}