{
  "id": "PSYC404",
  "title": "Introduction to Behavioral Pharmacology",
  "credits": "3",
  "description": "Prerequisite: PSYC202 or NEUR200.\nRestriction: Must be in Psychology program.",
  "grading-method": [
    "Reg",
    "P-F",
    "Aud"
  ],
  "sections": [
    {
      "id": "WB11",
      "instructors": [
        "Ana Navarro Cebrian"
      ],
      "seats": 30,
      "open-seats": 22,
      "waitlist": 0,
      "days": "",
      "start": "",
      "end": "",
      "building": "",
      "room": "ONLINE"
    }
  ],
  "term": "202112",
  "department": "Psychology",
  "updated": "2022-01-21T18:39:34.859314Z"
}