{
  "id": "PSYC625",
  "title": "Clinical Assessment: Psychometric Principles, Testing and Behavior",
  "credits": "3",
  "description": "Restriction: Permission of BSOS-Psychology department.\nCredit only granted for: PSYC625 or PSYC721.\nFormerly: PSYC721.",
  "grading-method": [
    "Reg",
    "Aud"
  ],
  "sections": [
    {
      "id": "PCC1",
      "instructors": [
        "Christina Danko"
      ],
      "seats": 40,
      "open-seats": 9,
      "waitlist": 0,
      "days": "Th",
      "start": "6:00pm",
      "end": "9:45pm",
      "building": "BPS",
      "room": "1140B"
    }
  ],
  "term": "202112",
  "department": "Psychology",
  "updated": "2022-01-21T18:39:41.329290Z"
}