{
  "id": "PSYC624",
  "title": "Adult Psychopathology",
  "credits": "3",
  "description": "Restriction: Permission of instructor; and must be in one of the following programs (Psychology (Master's); Psychology (Doctoral)).\nCredit only granted for: PSYC624 or PSYC719.\nFormerly: PSYC719.",
  "grading-method": [
    "Reg"
  ],
  "sections": [
    {
      "id": "PCC1",
      "instructors": [
        "Andrea Chisolm"
      ],
      "seats": 40,
      "open-seats": 9,
      "waitlist": 0,
      "days": "Tu",
      "start": "6:00pm",
      "end": "9:45pm",
      "building": "BPS",
      "room": "1140B"
    }
  ],
  "term": "202112",
  "department": "Psychology",
  "updated": "2022-01-21T18:39:40.243424Z"
}