{
  "id": "PSYC655",
  "title": "Talent Development",
  "credits": "3",
  "description": "Restriction: Must be in the Master of Professional Studies in Industrial/Organizational Psychology Program.",
  "grading-method": [
    "Reg",
    "Aud",
    "S-F"
  ],
  "sections": [
    {
      "id": "PCI1",
      "instructors": [
        "Kenneth Yusko"
      ],
      "seats": 40,
      "open-seats": 19,
      "waitlist": 0,
      "days": "M",
      "start": "5:00pm",
      "end": "8:30pm",
      "building": "BPS",
      "room": "1140B"
    }
  ],
  "term": "202112",
  "department": "Psychology",
  "updated": "2022-01-21T18:39:44.583549Z"
}