{
  "id": "PSYC638",
  "title": "Externship in Professional Psychology",
  "credits": "1",
  "description": "",
  "grading-method": [
    "S-F"
  ],
  "sections": [
    {
      "id": "0101",
      "instructors": [
        "Jonathan Mohr"
      ],
      "seats": 15,
      "open-seats": 6,
      "waitlist": 0,
      "days": "",
      "start": "",
      "end": "",
      "building": "",
      "room": ""
    }
  ],
  "term": "202112",
  "department": "Psychology",
  "updated": "2022-01-21T18:39:42.408880Z"
}