{
  "id": "PSYC411",
  "title": "Introduction to Functional Magnetic Resonance Imaging",
  "credits": "3",
  "description": "Prerequisite: PSYC200 and PSYC300; and (PSYC202 or NEUR200).\nRestriction: Must be in a major within BSOS-Psychology department.\nCredit only granted for: NACS728F or PSYC411.",
  "grading-method": [
    "Reg",
    "P-F",
    "Aud"
  ],
  "sections": [
    {
      "id": "WB11",
      "instructors": [
        "Jeremy Purcell"
      ],
      "seats": 15,
      "open-seats": 11,
      "waitlist": 0,
      "days": "MTuWTh",
      "start": "1:00pm",
      "end": "3:00pm",
      "building": "",
      "room": "ONLINE"
    }
  ],
  "term": "202112",
  "department": "Psychology",
  "updated": "2022-01-21T18:39:35.933100Z"
}