{
  "id": "PSYC657",
  "title": "Managing Strategic Organizational Change",
  "credits": "3",
  "description": "Restriction: Must be in the Master of Professional Studies in Industrial/Organizational Psychology Program.",
  "grading-method": [
    "Reg",
    "Aud"
  ],
  "sections": [
    {
      "id": "PCI1",
      "instructors": [
        "Rajanique Modeste"
      ],
      "seats": 40,
      "open-seats": 18,
      "waitlist": 0,
      "days": "M",
      "start": "5:00pm",
      "end": "8:30pm",
      "building": "BPS",
      "room": "1238"
    }
  ],
  "term": "202112",
  "department": "Psychology",
  "updated": "2022-01-21T18:39:46.742620Z"
}