{
  "id": "PSYC432",
  "title": "Counseling Psychology: Theories, Research, and Practice",
  "credits": "3",
  "description": "Prerequisite: PSYC200.",
  "grading-method": [
    "Reg",
    "P-F",
    "Aud"
  ],
  "sections": [
    {
      "id": "WB11",
      "instructors": [
        "Nazish Salahuddin"
      ],
      "seats": 30,
      "open-seats": 19,
      "waitlist": 0,
      "days": "",
      "start": "",
      "end": "",
      "building": "",
      "room": "ONLINE"
    }
  ],
  "term": "202112",
  "department": "Psychology",
  "updated": "2022-01-21T18:39:37.009453Z"
}