{
  "id": "ENEE200",
  "title": "Technology and Consequences: Engineering, Ethics, and Humanity",
  "credits": "3",
  "description": "What makes a technology socially responsible? At UMD, the Fearless Ideas campaign asks us to aim our enthusiasm for technology at big real problems. At the same time, we are coming to appreciate the increasingly complex nature of technological systems as they become integrated into all forms of infrastructure, we realize they may be unpredictable, interdependent on social and biological systems, and have unintended consequences. In this midst of this complexity, people make decisions with far reaching impacts. How then do we follow our passion for technology and innovation but also stay skeptical in a way that allows us to consider the potential and shortcomings of technology? Designed for both engineering and non-engineering students wishing to explore and assess the impact of engineering technology on society and the role of society in generating that technology.",
  "grading-method": [
    "Reg",
    "P-F",
    "Aud"
  ],
  "sections": [
    {
      "id": "0101",
      "instructors": [
        "Timothy Reedy"
      ],
      "seats": 24,
      "open-seats": 15,
      "waitlist": 0,
      "days": "MTuWThF",
      "start": "10:00am",
      "end": "11:50am",
      "building": "ESJ",
      "room": "B0322"
    },
    {
      "id": "WB11",
      "instructors": [
        "Wesley Lawson"
      ],
      "seats": 28,
      "open-seats": 0,
      "waitlist": 0,
      "days": "MTuWThF",
      "start": "2:00pm",
      "end": "3:50pm",
      "building": "",
      "room": "ONLINE"
    }
  ],
  "term": "202112",
  "department": "Electrical & Computer Engineering",
  "updated": "2022-01-21T18:34:50.534565Z"
}