{
  "id": "ENEE131",
  "title": "Technology Choices",
  "credits": "3",
  "description": "An exploration of the positive and negative effects of technology on society, via diverse criteria to assess the relative well being of individuals and society; an examination of how society can help shape the future of technology and the tools that can be used to make wise technology choices.",
  "grading-method": [
    "Reg",
    "P-F",
    "Aud"
  ],
  "sections": [
    {
      "id": "WB11",
      "instructors": [
        "Wesley Lawson"
      ],
      "seats": 20,
      "open-seats": 6,
      "waitlist": 0,
      "days": "MTuWThF",
      "start": "10:00am",
      "end": "12:50pm",
      "building": "",
      "room": "ONLINE"
    }
  ],
  "term": "202112",
  "department": "Electrical & Computer Engineering",
  "updated": "2022-01-21T18:34:49.456482Z"
}