{
  "id": "PLCY309",
  "title": "Internship in Political Institutions: State and Local",
  "credits": "3",
  "description": "",
  "grading-method": [
    "Reg",
    "P-F"
  ],
  "sections": [
    {
      "id": "I101",
      "instructors": [
        "Jennifer Littlefield"
      ],
      "seats": 10,
      "open-seats": 8,
      "waitlist": 0,
      "days": "",
      "start": "",
      "end": "",
      "building": "",
      "room": ""
    }
  ],
  "term": "202112",
  "department": "Public Policy",
  "updated": "2022-01-21T18:39:24.445413Z"
}