{
  "id": "PLCY752",
  "title": "Managing Differences:Resolving Conflict and Negotiating Agreements",
  "credits": "3",
  "description": "Restriction: Must be in a major in PLCY-School of Public Policy; or permission of PLCY-School of Public Policy.\nCredit only granted for: PLCY752 or PUAF752.\nFormerly: PUAF752.",
  "grading-method": [
    "Reg",
    "Aud"
  ],
  "sections": [
    {
      "id": "CA02",
      "instructors": [
        "Daniella Fridl"
      ],
      "seats": 6,
      "open-seats": 1,
      "waitlist": 0,
      "days": "",
      "start": "",
      "end": "",
      "building": "",
      "room": "ONLINE"
    },
    {
      "id": "WB11",
      "instructors": [
        "Daniella Fridl"
      ],
      "seats": 25,
      "open-seats": 4,
      "waitlist": 0,
      "days": "",
      "start": "",
      "end": "",
      "building": "",
      "room": "ONLINE"
    }
  ],
  "term": "202112",
  "department": "Public Policy",
  "updated": "2022-01-21T18:39:26.600020Z"
}