{
  "id": "PLCY688G",
  "title": "Topics in Public Policy; Governance: Leadership, Management and Accountability",
  "credits": "3",
  "description": "",
  "grading-method": [
    "Reg",
    "Aud"
  ],
  "sections": [
    {
      "id": "WB11",
      "instructors": [
        "Elizabeth Duke"
      ],
      "seats": 20,
      "open-seats": 3,
      "waitlist": 0,
      "days": "MTuWTh",
      "start": "9:45am",
      "end": "1:00pm",
      "building": "",
      "room": "ONLINE"
    }
  ],
  "term": "202112",
  "department": "Public Policy",
  "updated": "2022-01-21T18:39:25.523890Z"
}