{
  "id": "ARTH799",
  "title": "Master's Thesis Research",
  "credits": "1",
  "description": "",
  "grading-method": [
    "S-F"
  ],
  "sections": [
    {
      "id": "0121",
      "instructors": [
        "Abigail McEwen"
      ],
      "seats": 5,
      "open-seats": 4,
      "waitlist": 0,
      "days": "",
      "start": "",
      "end": "",
      "building": "",
      "room": ""
    }
  ],
  "term": "202112",
  "department": "Art History & Archaeology",
  "updated": "2022-01-21T18:31:50.036567Z"
}