{
  "id": "ARTH359B",
  "title": "Film as Art; FILMS OF QUENTIN TARANTINO",
  "credits": "3",
  "description": "",
  "grading-method": [
    "Reg",
    "P-F",
    "Aud"
  ],
  "sections": [
    {
      "id": "WB11",
      "instructors": [
        "Greg Metcalf"
      ],
      "seats": 30,
      "open-seats": 10,
      "waitlist": 0,
      "days": "",
      "start": "",
      "end": "",
      "building": "",
      "room": "ONLINE"
    }
  ],
  "term": "202112",
  "department": "Art History & Archaeology",
  "updated": "2022-01-21T18:31:47.693700Z"
}