{
  "id": "ARTH303",
  "title": "Roman Art and Archaeology",
  "credits": "3",
  "description": "Sites and monuments of painting, sculpture, architecture, and the minor arts from the earliest times through the third century A.D. with emphasis on the Italian peninsula from the Etruscan period through that of Imperial Rome.",
  "grading-method": [
    "Reg",
    "P-F",
    "Aud"
  ],
  "sections": [
    {
      "id": "WB11",
      "instructors": [
        "Amanda Chen"
      ],
      "seats": 30,
      "open-seats": 16,
      "waitlist": 0,
      "days": "",
      "start": "",
      "end": "",
      "building": "",
      "room": "ONLINE"
    }
  ],
  "term": "202112",
  "department": "Art History & Archaeology",
  "updated": "2022-01-21T18:31:46.616940Z"
}