{
  "id": "ARTH200",
  "title": "Art and Society in Ancient and Medieval Europe and the Mediterranean",
  "credits": "3",
  "description": "Examines the material culture and visual expressions of Mediterranean and European societies from early times until ca. 1300 CE, emphasizing the political, social, and religious context of the works studied, the relationships of the works to the societies that created them, and the interrelationship of these societies.",
  "grading-method": [
    "Reg",
    "P-F",
    "Aud"
  ],
  "sections": [
    {
      "id": "WB11",
      "instructors": [
        "Tony Cui"
      ],
      "seats": 30,
      "open-seats": 6,
      "waitlist": 0,
      "days": "",
      "start": "",
      "end": "",
      "building": "",
      "room": "ONLINE"
    }
  ],
  "term": "202112",
  "department": "Art History & Archaeology",
  "updated": "2022-01-21T18:31:45.528576Z"
}