{
  "id": "DANC698",
  "title": "Independent Study in Dance",
  "credits": "1",
  "description": "",
  "grading-method": [
    "Reg",
    "Aud",
    "S-F"
  ],
  "sections": [
    {
      "id": "WB11",
      "instructors": [
        "Maura Keefe"
      ],
      "seats": 3,
      "open-seats": 3,
      "waitlist": 0,
      "days": "",
      "start": "",
      "end": "",
      "building": "",
      "room": "ONLINE"
    }
  ],
  "term": "202112",
  "department": "Dance",
  "updated": "2022-01-21T18:33:35.953661Z"
}