{
  "id": "CLAS276",
  "title": "Are We Rome?",
  "credits": "3",
  "description": "Credit only granted for: CLAS276 or CLAS289A.\nFormerly: CLAS289A.",
  "grading-method": [
    "Reg",
    "P-F",
    "Aud"
  ],
  "sections": [
    {
      "id": "WB11",
      "instructors": [
        "Gregory Staley"
      ],
      "seats": 35,
      "open-seats": 16,
      "waitlist": 0,
      "days": "",
      "start": "",
      "end": "",
      "building": "",
      "room": "ONLINE"
    }
  ],
  "term": "202112",
  "department": "Classics",
  "updated": "2022-01-21T18:33:00.096196Z"
}