{
  "id": "CLAS688G",
  "title": "Special Topics in Classical Civilization; Greek and Roman Culture in Context",
  "credits": "3",
  "description": "This introductory course will examine the ancient Greeks and Romans in Italy through investigation of significant sites, monuments and museum collections in Rome and the Bay of Naples area. The essence of the course is virtual site visits that bring students into contact with original artifacts and monuments through which we may understand these ancient cultures.\n\nThis is a Global Classrooms course, developed in partnership with the Office of International Affairs (OIA) to provide opportunities for virtual, project-based, international collaboration.",
  "grading-method": [
    "Reg",
    "Aud"
  ],
  "sections": [
    {
      "id": "GC01",
      "instructors": [
        "Crispin Corrado"
      ],
      "seats": 20,
      "open-seats": 12,
      "waitlist": 0,
      "days": "TuTh",
      "start": "10:00am",
      "end": "10:30am",
      "building": "",
      "room": "ONLINE"
    }
  ],
  "term": "202112",
  "department": "Classics",
  "updated": "2022-01-21T18:33:02.269535Z"
}