{
  "id": "RUSS411",
  "title": "Linguistic Analysis of Russian I",
  "credits": "3",
  "description": "Prerequisite: Must have completed or be concurrently enrolled in RUSS301.",
  "grading-method": [
    "Reg",
    "P-F",
    "Aud"
  ],
  "sections": [
    {
      "id": "WB11",
      "instructors": [
        "Cynthia Martin"
      ],
      "seats": 10,
      "open-seats": 8,
      "waitlist": 0,
      "days": "",
      "start": "",
      "end": "",
      "building": "",
      "room": "ONLINE"
    }
  ],
  "term": "202112",
  "department": "Russian",
  "updated": "2022-01-21T18:39:52.864934Z"
}