{
  "id": "NFSC100",
  "title": "Elements of Nutrition",
  "credits": "3",
  "description": "Fundamentals of human nutrition. Nutrient requirements related to changing individual and family needs.",
  "grading-method": [
    "Reg",
    "P-F",
    "Aud"
  ],
  "sections": [
    {
      "id": "WB11",
      "instructors": [
        "Margaret Udahogora"
      ],
      "seats": 35,
      "open-seats": 12,
      "waitlist": 0,
      "days": "",
      "start": "",
      "end": "",
      "building": "",
      "room": "ONLINE"
    }
  ],
  "term": "202112",
  "department": "Nutrition and Food Science",
  "updated": "2022-01-21T18:39:09.120200Z"
}