{
  "id": "NFSC899",
  "title": "Doctoral Dissertation Research",
  "credits": "1",
  "description": "",
  "grading-method": [
    "S-F"
  ],
  "sections": [
    {
      "id": "0106",
      "instructors": [
        "Instructor: TBA"
      ],
      "seats": 1,
      "open-seats": 1,
      "waitlist": 0,
      "days": "",
      "start": "",
      "end": "",
      "building": "",
      "room": ""
    }
  ],
  "term": "202112",
  "department": "Nutrition and Food Science",
  "updated": "2022-01-21T18:39:14.386911Z"
}