{
  "id": "ENRE489K",
  "title": "Special Topics in Reliability Engineering; Design for Reliability",
  "credits": "3",
  "description": "Pre-requisite: Junior standing.",
  "grading-method": [
    "Reg",
    "P-F",
    "Aud"
  ],
  "sections": [
    {
      "id": "ER01",
      "instructors": [
        "Baldev Raheja"
      ],
      "seats": 10,
      "open-seats": 10,
      "waitlist": 0,
      "days": "MTuWThF",
      "start": "9:00am",
      "end": "12:00pm",
      "building": "",
      "room": "ONLINE"
    },
    {
      "id": "RE01",
      "instructors": [
        "Baldev Raheja"
      ],
      "seats": 10,
      "open-seats": 10,
      "waitlist": 0,
      "days": "MTuWThF",
      "start": "9:00am",
      "end": "12:00pm",
      "building": "",
      "room": "ONLINE"
    }
  ],
  "term": "202112",
  "department": "Reliability Engineering",
  "updated": "2022-01-21T18:35:27.031234Z"
}