{
  "id": "ENRE899",
  "title": "Doctoral Dissertation Research",
  "credits": "1",
  "description": "",
  "grading-method": [
    "S-F"
  ],
  "sections": [
    {
      "id": "0102",
      "instructors": [
        "Mohammad Modarres"
      ],
      "seats": 10,
      "open-seats": 10,
      "waitlist": 0,
      "days": "",
      "start": "",
      "end": "",
      "building": "",
      "room": ""
    }
  ],
  "term": "202112",
  "department": "Reliability Engineering",
  "updated": "2022-01-21T18:35:28.115104Z"
}