{
  "id": "HEBR298O",
  "title": "Jewish Language America",
  "credits": "3",
  "description": "Cross-listed with: JWST219O.\nCredit only granted for: JWST219O or HEBR298O.",
  "grading-method": [
    "Reg",
    "P-F",
    "Aud"
  ],
  "sections": [
    {
      "id": "WB11",
      "instructors": [
        "Avital Karpman"
      ],
      "seats": 15,
      "open-seats": 7,
      "waitlist": 0,
      "days": "",
      "start": "",
      "end": "",
      "building": "",
      "room": "ONLINE"
    }
  ],
  "term": "202112",
  "department": "Hebrew",
  "updated": "2022-01-21T18:36:53.763878Z"
}