{
  "id": "NACS728F",
  "title": "Selected Topics in Neuroscience and Cognitive Science; Introduction to Functional Magnetic Resonance Imaging",
  "credits": "3",
  "description": "",
  "grading-method": [
    "Reg",
    "Aud"
  ],
  "sections": [
    {
      "id": "WB11",
      "instructors": [
        "Jeremy Purcell"
      ],
      "seats": 5,
      "open-seats": 3,
      "waitlist": 0,
      "days": "MTuWTh",
      "start": "1:00pm",
      "end": "3:00pm",
      "building": "",
      "room": "ONLINE"
    }
  ],
  "term": "202112",
  "department": "Neuroscience & Cognitive Science",
  "updated": "2022-01-21T18:39:04.121993Z"
}