{
  "id": "NACS898",
  "title": "Pre-Candidacy Research",
  "credits": "1",
  "description": "",
  "grading-method": [
    "Reg"
  ],
  "sections": [
    {
      "id": "0111",
      "instructors": [
        "Naomi Feldman"
      ],
      "seats": 1,
      "open-seats": 0,
      "waitlist": 0,
      "days": "",
      "start": "",
      "end": "",
      "building": "",
      "room": ""
    },
    {
      "id": "0121",
      "instructors": [
        "Robert Slevc"
      ],
      "seats": 1,
      "open-seats": 0,
      "waitlist": 0,
      "days": "",
      "start": "",
      "end": "",
      "building": "",
      "room": ""
    },
    {
      "id": "0134",
      "instructors": [
        "Colenso Speer"
      ],
      "seats": 1,
      "open-seats": 0,
      "waitlist": 0,
      "days": "",
      "start": "",
      "end": "",
      "building": "",
      "room": ""
    },
    {
      "id": "0136",
      "instructors": [
        "Arianna Gard"
      ],
      "seats": 1,
      "open-seats": 0,
      "waitlist": 0,
      "days": "",
      "start": "",
      "end": "",
      "building": "",
      "room": ""
    },
    {
      "id": "0137",
      "instructors": [
        "Ricardo Araneda"
      ],
      "seats": 1,
      "open-seats": 0,
      "waitlist": 0,
      "days": "",
      "start": "",
      "end": "",
      "building": "",
      "room": ""
    },
    {
      "id": "0138",
      "instructors": [
        "Anna Li"
      ],
      "seats": 1,
      "open-seats": 0,
      "waitlist": 0,
      "days": "",
      "start": "",
      "end": "",
      "building": "",
      "room": ""
    }
  ],
  "term": "202112",
  "department": "Neuroscience & Cognitive Science",
  "updated": "2022-01-21T18:39:05.208246Z"
}