{
  "id": "NACS899",
  "title": "Doctoral Dissertation Research",
  "credits": "1",
  "description": "",
  "grading-method": [
    "S-F"
  ],
  "sections": [
    {
      "id": "0139",
      "instructors": [
        "Ross Miller"
      ],
      "seats": 1,
      "open-seats": 0,
      "waitlist": 0,
      "days": "",
      "start": "",
      "end": "",
      "building": "",
      "room": ""
    }
  ],
  "term": "202112",
  "department": "Neuroscience & Cognitive Science",
  "updated": "2022-01-21T18:39:06.326007Z"
}