{
  "id": "AASP211",
  "title": "Get Out: The Sunken Place of Race Relations in the Post-Racial Era",
  "credits": "3",
  "description": "Credit only granted for: AASP298G or AASP211.\nFormerly: AASP298G.",
  "grading-method": [
    "Reg",
    "P-F",
    "Aud"
  ],
  "sections": [
    {
      "id": "WB11",
      "instructors": [
        "Shane Walsh"
      ],
      "seats": 40,
      "open-seats": 1,
      "waitlist": 0,
      "days": "",
      "start": "",
      "end": "",
      "building": "",
      "room": "ONLINE"
    }
  ],
  "term": "202112",
  "department": "African American Studies",
  "updated": "2022-01-21T18:30:48.135074Z"
}