{
  "id": "AASP498R",
  "title": "Special Topics in Black Culture; Race and Sports",
  "credits": "3",
  "description": "",
  "grading-method": [
    "Reg",
    "P-F",
    "Aud"
  ],
  "sections": [
    {
      "id": "WB11",
      "instructors": [
        "Tasha Harris"
      ],
      "seats": 25,
      "open-seats": 17,
      "waitlist": 0,
      "days": "",
      "start": "",
      "end": "",
      "building": "",
      "room": "ONLINE"
    }
  ],
  "term": "202112",
  "department": "African American Studies",
  "updated": "2022-01-21T18:30:49.213501Z"
}