{
  "id": "AASP100",
  "title": "Introduction to African American Studies",
  "credits": "3",
  "description": "Significant aspects of the history of African Americans with particular emphasis on the evolution and development of black communities from slavery to the present. Interdisciplinary introduction to social, political, legal and economic roots of contemporary problems faced by blacks in the United States with applications to the lives of other racial and ethnic minorities in the Americas and in other societies.",
  "grading-method": [
    "Reg",
    "P-F",
    "Aud"
  ],
  "sections": [
    {
      "id": "WB11",
      "instructors": [
        "Jason Nichols"
      ],
      "seats": 30,
      "open-seats": 20,
      "waitlist": 0,
      "days": "",
      "start": "",
      "end": "",
      "building": "",
      "room": "ONLINE"
    }
  ],
  "term": "202112",
  "department": "African American Studies",
  "updated": "2022-01-21T18:30:47.055170Z"
}