{
  "id": "CINE329D",
  "title": "Special Topics in National/International Cinemas; Action, Adventure, and Spectacle Film in World Cinema",
  "credits": "3",
  "description": "Critical study of some of the most important examples of action, adventure, and spectacle cinema from the international and transnational perspectives. Exploration of the historical, esthetic, generic, institutional, and political significance of these films.\n\nCross-listed with SLLC368D. Credit only granted for: CINE329D, SLLC368D, or FILM329D.",
  "grading-method": [
    "Reg",
    "P-F",
    "Aud"
  ],
  "sections": [
    {
      "id": "WB11",
      "instructors": [
        "Jason Kuo"
      ],
      "seats": 25,
      "open-seats": 9,
      "waitlist": 0,
      "days": "",
      "start": "",
      "end": "",
      "building": "",
      "room": "ONLINE"
    }
  ],
  "term": "202112",
  "department": "Cinema and Media Studies",
  "updated": "2022-01-21T18:32:56.700992Z"
}