{
  "id": "CINE245",
  "title": "Film Form and Culture",
  "credits": "3",
  "description": "Cross-listed with: ENGL245.\nCredit only granted for: ENGL245, CINE245 or FILM245.\nFormerly: FILM245.",
  "grading-method": [
    "Reg",
    "P-F",
    "Aud"
  ],
  "sections": [
    {
      "id": "WB11",
      "instructors": [
        "Alexandria Nunn"
      ],
      "seats": 25,
      "open-seats": 0,
      "waitlist": 0,
      "days": "",
      "start": "",
      "end": "",
      "building": "",
      "room": "ONLINE"
    }
  ],
  "term": "202112",
  "department": "Cinema and Media Studies",
  "updated": "2022-01-21T18:32:53.486551Z"
}