{
  "id": "ECON201",
  "title": "Principles of Macroeconomics",
  "credits": "3",
  "description": "Prerequisite: MATH107 or MATH110; or must have math eligibility of MATH113 or higher.\nRecommended: ECON200.\nCredit only granted for: ECON201 or ECON205.",
  "grading-method": [
    "Reg",
    "P-F",
    "Aud"
  ],
  "sections": [
    {
      "id": "WB11",
      "instructors": [
        "Michael Navarrete"
      ],
      "seats": 60,
      "open-seats": 23,
      "waitlist": 0,
      "days": "",
      "start": "",
      "end": "",
      "building": "",
      "room": "ONLINE"
    }
  ],
  "term": "202112",
  "department": "Economics",
  "updated": "2022-01-21T18:33:39.902021Z"
}