{
  "id": "ECON677",
  "title": "International Trade and Applications",
  "credits": "3",
  "description": "Prerequisite: ECON641 and ECON644.\nRestriction: Must be in MS Applied Economics program; or with permission from the program director.",
  "grading-method": [
    "Reg",
    "Aud"
  ],
  "sections": [
    {
      "id": "PR01",
      "instructors": [
        "Cristina Tello-Trillo"
      ],
      "seats": 22,
      "open-seats": 7,
      "waitlist": 0,
      "days": "Tu",
      "start": "6:45pm",
      "end": "9:30pm",
      "building": "",
      "room": "ONLINE"
    }
  ],
  "term": "202112",
  "department": "Economics",
  "updated": "2022-01-21T18:33:52.869305Z"
}