{
  "id": "ECON306",
  "title": "Intermediate Microeconomic Theory & Policy",
  "credits": "3",
  "description": "Prerequisite: 1 course with a minimum grade of C- from (ECON200, AREC250); and minimum grade of C- in ECON201. And 1 course with a minimum grade of C- from (MATH120, MATH130, MATH136, MATH140); or must have completed MATH220 with a minimum grade of C-.\nCredit only granted for: ECON306, ECON326, AREC489M, or AREC326.",
  "grading-method": [
    "Reg",
    "P-F"
  ],
  "sections": [
    {
      "id": "WB11",
      "instructors": [
        "Catalina Morales"
      ],
      "seats": 60,
      "open-seats": 0,
      "waitlist": 0,
      "days": "",
      "start": "",
      "end": "",
      "building": "",
      "room": "ONLINE"
    }
  ],
  "term": "202112",
  "department": "Economics",
  "updated": "2022-01-21T18:33:42.050411Z"
}