{
  "id": "ECON455",
  "title": "Economics of Education Policy",
  "credits": "3",
  "description": "Prerequisite: 1 course with a minimum grade of C- from (ECON306, ECON326); and 1 course with a minimum grade of C- from (ECON230, BMGT230, ECON321).\nRestriction: Must be in Economics Bachelor of Arts program.\nCredit only granted for: ECON468E or ECON455.\nFormerly: ECON468E.",
  "grading-method": [
    "Reg",
    "P-F",
    "Aud"
  ],
  "sections": [
    {
      "id": "WB11",
      "instructors": [
        "Lea Rendell"
      ],
      "seats": 25,
      "open-seats": 17,
      "waitlist": 0,
      "days": "TuWTh",
      "start": "11:30am",
      "end": "12:45pm",
      "building": "",
      "room": "ONLINE"
    }
  ],
  "term": "202112",
  "department": "Economics",
  "updated": "2022-01-21T18:33:46.355766Z"
}