{
  "id": "ECON200",
  "title": "Principles of Microeconomics",
  "credits": "3",
  "description": "Prerequisite: MATH107 or MATH110; or must have math eligibility of MATH113 or higher.\nCredit only granted for: ECON200, AREC240, or AREC250.\nAdditional information: It is recommended that students complete ECON200 before taking ECON201.",
  "grading-method": [
    "Reg",
    "P-F",
    "Aud"
  ],
  "sections": [
    {
      "id": "WB11",
      "instructors": [
        "Mrinmoyee Chatterjee"
      ],
      "seats": 65,
      "open-seats": 2,
      "waitlist": 0,
      "days": "",
      "start": "",
      "end": "",
      "building": "",
      "room": "ONLINE"
    }
  ],
  "term": "202112",
  "department": "Economics",
  "updated": "2022-01-21T18:33:38.823356Z"
}