{
  "id": "ECON642",
  "title": "Topics in Applied Macroeconomics",
  "credits": "3",
  "description": "Restriction: Must be in M.Prof.Studies: Applied Economics program; or permission of BSOS-Economics department.",
  "grading-method": [
    "Reg",
    "Aud"
  ],
  "sections": [
    {
      "id": "PR01",
      "instructors": [
        "Arto Kovanen"
      ],
      "seats": 22,
      "open-seats": 8,
      "waitlist": 0,
      "days": "M",
      "start": "6:45pm",
      "end": "9:30pm",
      "building": "TBA",
      "room": "ONLINE"
    },
    {
      "id": "PR02",
      "instructors": [
        "Pablo Cuba Borda"
      ],
      "seats": 22,
      "open-seats": 1,
      "waitlist": 0,
      "days": "W",
      "start": "6:45pm",
      "end": "9:30pm",
      "building": "",
      "room": "ONLINE"
    }
  ],
  "term": "202112",
  "department": "Economics",
  "updated": "2022-01-21T18:33:48.507088Z"
}