{
  "id": "ECON305",
  "title": "Intermediate Macroeconomic Theory and Policy",
  "credits": "3",
  "description": "Prerequisite: Minimum grade of C- in ECON201 and ECON200. And 1 course with a minimum grade of C- from (MATH120, MATH130, MATH136, MATH140); or must have completed MATH220 with a minimum grade of C-.\nCredit only granted for: ECON305 or ECON325.",
  "grading-method": [
    "Reg",
    "P-F"
  ],
  "sections": [
    {
      "id": "WB11",
      "instructors": [
        "Kanat Isakov"
      ],
      "seats": 50,
      "open-seats": 25,
      "waitlist": 0,
      "days": "MTuWTh",
      "start": "6:00pm",
      "end": "7:30pm",
      "building": "",
      "room": "ONLINE"
    }
  ],
  "term": "202112",
  "department": "Economics",
  "updated": "2022-01-21T18:33:40.978046Z"
}