{
  "id": "ECON461",
  "title": "Economics of Regulation and Anti-trust",
  "credits": "3",
  "description": "Prerequisite: 1 course with a minimum grade of C- from (ECON306, ECON326); and 1 course with a minimum grade of C- from (ECON230, BMGT230, ECON321).\nRestriction: Must be in Economics Bachelor of Arts program.",
  "grading-method": [
    "Reg",
    "P-F"
  ],
  "sections": [
    {
      "id": "WB11",
      "instructors": [
        "Cindy Clement"
      ],
      "seats": 28,
      "open-seats": 6,
      "waitlist": 0,
      "days": "TuTh",
      "start": "12:00pm",
      "end": "1:00pm",
      "building": "",
      "room": "ONLINE"
    }
  ],
  "term": "202112",
  "department": "Economics",
  "updated": "2022-01-21T18:33:47.435293Z"
}