{
  "id": "ECON398P",
  "title": "Topics in Economics; Political Economy of India",
  "credits": "3",
  "description": "Prerequisite: Minimum grade of C- in ECON200 and ECON201.\n\nAn examination of the fundamental social, political, and economic fabric of India. Draws from the existing literature and uses basic statistical and econometric techniques.",
  "grading-method": [
    "Reg",
    "P-F",
    "Aud"
  ],
  "sections": [
    {
      "id": "WB11",
      "instructors": [
        "Kartikeya Batra"
      ],
      "seats": 25,
      "open-seats": 19,
      "waitlist": 0,
      "days": "MTuW",
      "start": "11:00am",
      "end": "12:15pm",
      "building": "",
      "room": "ONLINE"
    }
  ],
  "term": "202112",
  "department": "Economics",
  "updated": "2022-01-21T18:33:43.122620Z"
}