{
  "id": "ECON684",
  "title": "Applied Time Series Analysis and Forecasting",
  "credits": "3",
  "description": "Prerequisite: ECON642; and ECON645.\nRestriction: Must be in M.Prof.Studies: Applied Economics program.",
  "grading-method": [
    "Reg",
    "Aud",
    "S-F"
  ],
  "sections": [
    {
      "id": "PR01",
      "instructors": [
        "David Burk"
      ],
      "seats": 22,
      "open-seats": 15,
      "waitlist": 0,
      "days": "W",
      "start": "6:45pm",
      "end": "9:30pm",
      "building": "TBA",
      "room": "ONLINE"
    }
  ],
  "term": "202112",
  "department": "Economics",
  "updated": "2022-01-21T18:33:53.957355Z"
}