{
  "id": "ECON672",
  "title": "Program Analysis and Evaluation",
  "credits": "3",
  "description": "Prerequisite: ECON641 and ECON645.",
  "grading-method": [
    "Reg",
    "Aud"
  ],
  "sections": [
    {
      "id": "PR01",
      "instructors": [
        "Laura Kawano"
      ],
      "seats": 22,
      "open-seats": 8,
      "waitlist": 0,
      "days": "Th",
      "start": "6:45pm",
      "end": "9:30pm",
      "building": "TBA",
      "room": "ONLINE"
    }
  ],
  "term": "202112",
  "department": "Economics",
  "updated": "2022-01-21T18:33:50.708803Z"
}