{
  "id": "ECON418M",
  "title": "Economic Development of Selected Areas; Middle East",
  "credits": "3",
  "description": "Prerequisites: 1 course with a minimum grade of C- from (ECON305, ECON306, ECON325, ECON326) and 1 course with a minimum grade of C- from (ECON230, BMGT230, ECON321). Restriction: Must be in Economics Bachelor of Arts program.\n\nAnalyzes patterns of economic and institutional development in the Middle East; assesses the general trends in economic growth, investment, and institutional changes; and examines specific issues such as population and human development, economics and politics of oil and trade, the structure of state and its role in economic development, financial markets and Islamic banking, and business environment.",
  "grading-method": [
    "Reg",
    "P-F",
    "Aud"
  ],
  "sections": [
    {
      "id": "WB11",
      "instructors": [
        "Hossein Abbasi"
      ],
      "seats": 25,
      "open-seats": 2,
      "waitlist": 0,
      "days": "MTuWTh",
      "start": "10:00am",
      "end": "11:00am",
      "building": "",
      "room": "ONLINE"
    }
  ],
  "term": "202112",
  "department": "Economics",
  "updated": "2022-01-21T18:33:45.275606Z"
}