{
  "id": "ECON675",
  "title": "Environmental Economics",
  "credits": "3",
  "description": "Prerequisite: ECON641; and must have completed or be concurrently enrolled in ECON645.",
  "grading-method": [
    "Reg",
    "Aud"
  ],
  "sections": [
    {
      "id": "PR01",
      "instructors": [
        "Charles Griffiths",
        "Paul Dockins"
      ],
      "seats": 22,
      "open-seats": 16,
      "waitlist": 0,
      "days": "M",
      "start": "6:45pm",
      "end": "9:30pm",
      "building": "TBA",
      "room": "ONLINE"
    }
  ],
  "term": "202112",
  "department": "Economics",
  "updated": "2022-01-21T18:33:51.790197Z"
}