{
  "id": "ECON414",
  "title": "Game Theory",
  "credits": "3",
  "description": "Prerequisite: 1 course with a minimum grade of C- from (ECON306, ECON326); and 1 course with a minimum grade of C- from (ECON230, BMGT230, ECON321, STAT400).\nRestriction: Must be in one of the following programs (Economics Bachelor of Arts; Economics Bachelor of Science).\nCredit only granted for: CMSC474, ECON414, GVPT399A or GVPT390.",
  "grading-method": [
    "Reg",
    "P-F",
    "Aud"
  ],
  "sections": [
    {
      "id": "WB11",
      "instructors": [
        "Ece Yegane"
      ],
      "seats": 35,
      "open-seats": 5,
      "waitlist": 0,
      "days": "",
      "start": "",
      "end": "",
      "building": "",
      "room": "ONLINE"
    }
  ],
  "term": "202112",
  "department": "Economics",
  "updated": "2022-01-21T18:33:44.202597Z"
}