{
  "id": "ECON644",
  "title": "Empirical Analysis II: Introduction to Economic Models",
  "credits": "3",
  "description": "Prerequisite: ECON643.",
  "grading-method": [
    "Reg",
    "Aud"
  ],
  "sections": [
    {
      "id": "PR01",
      "instructors": [
        "Razvan Vlaicu"
      ],
      "seats": 22,
      "open-seats": 5,
      "waitlist": 0,
      "days": "Th",
      "start": "6:45pm",
      "end": "9:30pm",
      "building": "TBA",
      "room": "ONLINE"
    },
    {
      "id": "PR02",
      "instructors": [
        "Maksim Belenkiy"
      ],
      "seats": 22,
      "open-seats": 5,
      "waitlist": 0,
      "days": "Tu",
      "start": "6:45pm",
      "end": "9:30pm",
      "building": "",
      "room": "ONLINE"
    }
  ],
  "term": "202112",
  "department": "Economics",
  "updated": "2022-01-21T18:33:49.602537Z"
}