{
  "id": "TLPL666",
  "title": "English Grammar for Teachers of English to Speakers of Other Languages",
  "credits": "3",
  "description": "Restriction: Permission of EDUC-Teaching and Learning, Policy and Leadership department.\nCredit only granted for: EDCI635 or TLPL666.\nFormerly: EDCI635.",
  "grading-method": [
    "Reg",
    "Aud"
  ],
  "sections": [
    {
      "id": "WB11",
      "instructors": [
        "Kellie Rolstad"
      ],
      "seats": 5,
      "open-seats": 4,
      "waitlist": 0,
      "days": "",
      "start": "",
      "end": "",
      "building": "",
      "room": "ONLINE"
    }
  ],
  "term": "202112",
  "department": "Teaching and Learning, Policy and Leadership",
  "updated": "2022-01-21T18:40:30.263459Z"
}