{
  "id": "TLPL898",
  "title": "Pre-Candidacy Research",
  "credits": "1",
  "description": "",
  "grading-method": [
    "Reg"
  ],
  "sections": [
    {
      "id": "0105",
      "instructors": [
        "David Weintrop"
      ],
      "seats": 5,
      "open-seats": 5,
      "waitlist": 0,
      "days": "",
      "start": "",
      "end": "",
      "building": "",
      "room": ""
    },
    {
      "id": "0106",
      "instructors": [
        "Daniel Levin"
      ],
      "seats": 5,
      "open-seats": 5,
      "waitlist": 0,
      "days": "",
      "start": "",
      "end": "",
      "building": "",
      "room": ""
    },
    {
      "id": "0107",
      "instructors": [
        "James McGinnis"
      ],
      "seats": 5,
      "open-seats": 5,
      "waitlist": 0,
      "days": "",
      "start": "",
      "end": "",
      "building": "",
      "room": ""
    },
    {
      "id": "0108",
      "instructors": [
        "Margaret Walker"
      ],
      "seats": 5,
      "open-seats": 5,
      "waitlist": 0,
      "days": "",
      "start": "",
      "end": "",
      "building": "",
      "room": ""
    },
    {
      "id": "0109",
      "instructors": [
        "Claudia Galindo"
      ],
      "seats": 5,
      "open-seats": 4,
      "waitlist": 0,
      "days": "",
      "start": "",
      "end": "",
      "building": "",
      "room": ""
    },
    {
      "id": "0111",
      "instructors": [
        "Janet Walkoe"
      ],
      "seats": 5,
      "open-seats": 5,
      "waitlist": 0,
      "days": "",
      "start": "",
      "end": "",
      "building": "",
      "room": ""
    },
    {
      "id": "0112",
      "instructors": [
        "Andrew Brantlinger"
      ],
      "seats": 5,
      "open-seats": 5,
      "waitlist": 0,
      "days": "",
      "start": "",
      "end": "",
      "building": "",
      "room": ""
    },
    {
      "id": "0113",
      "instructors": [
        "Daniel Chazan"
      ],
      "seats": 5,
      "open-seats": 5,
      "waitlist": 0,
      "days": "",
      "start": "",
      "end": "",
      "building": "",
      "room": ""
    },
    {
      "id": "I104",
      "instructors": [
        "Campbell Scribner"
      ],
      "seats": 5,
      "open-seats": 4,
      "waitlist": 0,
      "days": "",
      "start": "",
      "end": "",
      "building": "",
      "room": ""
    },
    {
      "id": "I109",
      "instructors": [
        "Claudia Galindo"
      ],
      "seats": 5,
      "open-seats": 5,
      "waitlist": 0,
      "days": "",
      "start": "",
      "end": "",
      "building": "",
      "room": ""
    },
    {
      "id": "I121",
      "instructors": [
        "Anita Sanyal"
      ],
      "seats": 5,
      "open-seats": 5,
      "waitlist": 0,
      "days": "",
      "start": "",
      "end": "",
      "building": "",
      "room": ""
    },
    {
      "id": "I122",
      "instructors": [
        "Rossina Liu"
      ],
      "seats": 5,
      "open-seats": 5,
      "waitlist": 0,
      "days": "",
      "start": "",
      "end": "",
      "building": "",
      "room": ""
    },
    {
      "id": "I126",
      "instructors": [
        "Megan Peercy"
      ],
      "seats": 5,
      "open-seats": 5,
      "waitlist": 0,
      "days": "",
      "start": "",
      "end": "",
      "building": "",
      "room": ""
    },
    {
      "id": "I127",
      "instructors": [
        "Sophia Rodriguez"
      ],
      "seats": 5,
      "open-seats": 5,
      "waitlist": 0,
      "days": "",
      "start": "",
      "end": "",
      "building": "",
      "room": ""
    }
  ],
  "term": "202112",
  "department": "Teaching and Learning, Policy and Leadership",
  "updated": "2022-01-21T18:40:35.585642Z"
}