{
  "id": "TLPL788O",
  "title": "Special Topics in Education; Cultural Encounter, Identity, and Experience in Education",
  "credits": "3",
  "description": "",
  "grading-method": [
    "Reg",
    "Aud"
  ],
  "sections": [
    {
      "id": "WB11",
      "instructors": [
        "Beth Cohen"
      ],
      "seats": 12,
      "open-seats": 1,
      "waitlist": 0,
      "days": "MW",
      "start": "5:00pm",
      "end": "8:00pm",
      "building": "",
      "room": "ONLINE"
    }
  ],
  "term": "202112",
  "department": "Teaching and Learning, Policy and Leadership",
  "updated": "2022-01-21T18:40:31.349429Z"
}