{
  "id": "ENGL699",
  "title": "Independent Study",
  "credits": "1",
  "description": "",
  "grading-method": [
    "Reg",
    "Aud"
  ],
  "sections": [
    {
      "id": "0101",
      "instructors": [
        "Instructor: TBA"
      ],
      "seats": 5,
      "open-seats": 5,
      "waitlist": 0,
      "days": "",
      "start": "",
      "end": "",
      "building": "",
      "room": ""
    },
    {
      "id": "0104",
      "instructors": [
        "Instructor: TBA"
      ],
      "seats": 10,
      "open-seats": 10,
      "waitlist": 0,
      "days": "",
      "start": "",
      "end": "",
      "building": "",
      "room": ""
    },
    {
      "id": "0105",
      "instructors": [
        "Instructor: TBA"
      ],
      "seats": 5,
      "open-seats": 5,
      "waitlist": 0,
      "days": "",
      "start": "",
      "end": "",
      "building": "",
      "room": ""
    },
    {
      "id": "0106",
      "instructors": [
        "Instructor: TBA"
      ],
      "seats": 10,
      "open-seats": 10,
      "waitlist": 0,
      "days": "",
      "start": "",
      "end": "",
      "building": "",
      "room": ""
    },
    {
      "id": "0163",
      "instructors": [
        "Instructor: TBA"
      ],
      "seats": 5,
      "open-seats": 5,
      "waitlist": 0,
      "days": "",
      "start": "",
      "end": "",
      "building": "",
      "room": ""
    },
    {
      "id": "0164",
      "instructors": [
        "Instructor: TBA"
      ],
      "seats": 5,
      "open-seats": 5,
      "waitlist": 0,
      "days": "",
      "start": "",
      "end": "",
      "building": "",
      "room": ""
    },
    {
      "id": "0165",
      "instructors": [
        "Instructor: TBA"
      ],
      "seats": 5,
      "open-seats": 5,
      "waitlist": 0,
      "days": "",
      "start": "",
      "end": "",
      "building": "",
      "room": ""
    },
    {
      "id": "0166",
      "instructors": [
        "Instructor: TBA"
      ],
      "seats": 5,
      "open-seats": 5,
      "waitlist": 0,
      "days": "",
      "start": "",
      "end": "",
      "building": "",
      "room": ""
    },
    {
      "id": "0167",
      "instructors": [
        "Instructor: TBA"
      ],
      "seats": 5,
      "open-seats": 5,
      "waitlist": 0,
      "days": "",
      "start": "",
      "end": "",
      "building": "",
      "room": ""
    },
    {
      "id": "0168",
      "instructors": [
        "Instructor: TBA"
      ],
      "seats": 5,
      "open-seats": 5,
      "waitlist": 0,
      "days": "",
      "start": "",
      "end": "",
      "building": "",
      "room": ""
    },
    {
      "id": "0186",
      "instructors": [
        "Instructor: TBA"
      ],
      "seats": 5,
      "open-seats": 5,
      "waitlist": 0,
      "days": "",
      "start": "",
      "end": "",
      "building": "",
      "room": ""
    },
    {
      "id": "0187",
      "instructors": [
        "Instructor: TBA"
      ],
      "seats": 5,
      "open-seats": 5,
      "waitlist": 0,
      "days": "",
      "start": "",
      "end": "",
      "building": "",
      "room": ""
    },
    {
      "id": "0188",
      "instructors": [
        "Instructor: TBA"
      ],
      "seats": 5,
      "open-seats": 5,
      "waitlist": 0,
      "days": "",
      "start": "",
      "end": "",
      "building": "",
      "room": ""
    },
    {
      "id": "0189",
      "instructors": [
        "Instructor: TBA"
      ],
      "seats": 5,
      "open-seats": 5,
      "waitlist": 0,
      "days": "",
      "start": "",
      "end": "",
      "building": "",
      "room": ""
    },
    {
      "id": "I105",
      "instructors": [
        "Instructor: TBA"
      ],
      "seats": 5,
      "open-seats": 5,
      "waitlist": 0,
      "days": "",
      "start": "",
      "end": "",
      "building": "",
      "room": ""
    }
  ],
  "term": "202112",
  "department": "English",
  "updated": "2022-01-21T18:35:14.432587Z"
}