{
  "id": "ENGL470",
  "title": "African-American Literature: From Slavery to Freedom",
  "credits": "3",
  "description": "Prerequisite: Two English courses in literature; or permission of ARHU-English department.",
  "grading-method": [
    "Reg",
    "P-F",
    "Aud"
  ],
  "sections": [
    {
      "id": "WB11",
      "instructors": [
        "Dennis Winston"
      ],
      "seats": 20,
      "open-seats": 7,
      "waitlist": 0,
      "days": "",
      "start": "",
      "end": "",
      "building": "",
      "room": "ONLINE"
    }
  ],
  "term": "202112",
  "department": "English",
  "updated": "2022-01-21T18:35:13.352517Z"
}