{
  "id": "ENGL393",
  "title": "Technical Writing",
  "credits": "3",
  "description": "Prerequisite: Must have fulfilled the Academic Writing (FSAW) requirement.\nRestriction: Must have earned a minimum of 60 credits.",
  "grading-method": [
    "Reg"
  ],
  "sections": [
    {
      "id": "WB10",
      "instructors": [
        "Justin Thompson"
      ],
      "seats": 19,
      "open-seats": 1,
      "waitlist": 0,
      "days": "",
      "start": "",
      "end": "",
      "building": "",
      "room": "ONLINE"
    },
    {
      "id": "WB11",
      "instructors": [
        "Glorious Piner"
      ],
      "seats": 19,
      "open-seats": 2,
      "waitlist": 0,
      "days": "",
      "start": "",
      "end": "",
      "building": "",
      "room": "ONLINE"
    },
    {
      "id": "WB12",
      "instructors": [
        "James Rankin"
      ],
      "seats": 19,
      "open-seats": 0,
      "waitlist": 0,
      "days": "",
      "start": "",
      "end": "",
      "building": "",
      "room": "ONLINE"
    },
    {
      "id": "WB13",
      "instructors": [
        "Joshua Buursma"
      ],
      "seats": 19,
      "open-seats": 0,
      "waitlist": 0,
      "days": "",
      "start": "",
      "end": "",
      "building": "",
      "room": "ONLINE"
    },
    {
      "id": "WB14",
      "instructors": [
        "Jeannette Schollaert"
      ],
      "seats": 19,
      "open-seats": 4,
      "waitlist": 0,
      "days": "",
      "start": "",
      "end": "",
      "building": "",
      "room": "ONLINE"
    },
    {
      "id": "WB15",
      "instructors": [
        "Phillip Moses"
      ],
      "seats": 19,
      "open-seats": 0,
      "waitlist": 0,
      "days": "",
      "start": "",
      "end": "",
      "building": "",
      "room": "ONLINE"
    },
    {
      "id": "WB16",
      "instructors": [
        "Dylan Lewis"
      ],
      "seats": 19,
      "open-seats": 1,
      "waitlist": 0,
      "days": "",
      "start": "",
      "end": "",
      "building": "",
      "room": "ONLINE"
    },
    {
      "id": "WB17",
      "instructors": [
        "Sheila Lalwani"
      ],
      "seats": 19,
      "open-seats": 3,
      "waitlist": 0,
      "days": "",
      "start": "",
      "end": "",
      "building": "",
      "room": "ONLINE"
    },
    {
      "id": "WB18",
      "instructors": [
        "Sabrina Islam"
      ],
      "seats": 19,
      "open-seats": 0,
      "waitlist": 0,
      "days": "",
      "start": "",
      "end": "",
      "building": "",
      "room": "ONLINE"
    },
    {
      "id": "WB19",
      "instructors": [
        "Fredrick Cherry Jr"
      ],
      "seats": 19,
      "open-seats": 0,
      "waitlist": 0,
      "days": "",
      "start": "",
      "end": "",
      "building": "",
      "room": "ONLINE"
    },
    {
      "id": "WB20",
      "instructors": [
        "Sarah Dammeyer"
      ],
      "seats": 19,
      "open-seats": 0,
      "waitlist": 0,
      "days": "",
      "start": "",
      "end": "",
      "building": "",
      "room": "ONLINE"
    },
    {
      "id": "WB21",
      "instructors": [
        "Roberto Leon"
      ],
      "seats": 19,
      "open-seats": 0,
      "waitlist": 0,
      "days": "",
      "start": "",
      "end": "",
      "building": "",
      "room": "ONLINE"
    },
    {
      "id": "WB22",
      "instructors": [
        "Michael Schmidt"
      ],
      "seats": 19,
      "open-seats": 1,
      "waitlist": 0,
      "days": "",
      "start": "",
      "end": "",
      "building": "",
      "room": "ONLINE"
    },
    {
      "id": "WB23",
      "instructors": [
        "Erin Green"
      ],
      "seats": 19,
      "open-seats": 0,
      "waitlist": 0,
      "days": "",
      "start": "",
      "end": "",
      "building": "",
      "room": "ONLINE"
    },
    {
      "id": "WB24",
      "instructors": [
        "Joseph Angelella"
      ],
      "seats": 19,
      "open-seats": 5,
      "waitlist": 0,
      "days": "",
      "start": "",
      "end": "",
      "building": "",
      "room": "ONLINE"
    },
    {
      "id": "WB25",
      "instructors": [
        "Mark Fitzgerald"
      ],
      "seats": 19,
      "open-seats": 3,
      "waitlist": 0,
      "days": "",
      "start": "",
      "end": "",
      "building": "",
      "room": "ONLINE"
    },
    {
      "id": "WB26",
      "instructors": [
        "Daune O'Brien"
      ],
      "seats": 19,
      "open-seats": 1,
      "waitlist": 0,
      "days": "",
      "start": "",
      "end": "",
      "building": "",
      "room": "ONLINE"
    }
  ],
  "term": "202112",
  "department": "English",
  "updated": "2022-01-21T18:35:12.143003Z"
}