{
  "id": "ENGL391",
  "title": "Advanced Composition",
  "credits": "3",
  "description": "Prerequisite: Must have fulfilled the Academic Writing (FSAW) requirement.\nRestriction: Must have earned a minimum of 60 credits.",
  "grading-method": [
    "Reg"
  ],
  "sections": [
    {
      "id": "GC01",
      "instructors": [
        "Christopher Crane",
        "Peter Grybauskas"
      ],
      "seats": 19,
      "open-seats": 2,
      "waitlist": 0,
      "days": "TuTh",
      "start": "12:30pm",
      "end": "2:30pm",
      "building": "",
      "room": "ONLINE"
    },
    {
      "id": "GC02",
      "instructors": [
        "Christopher Crane",
        "Peter Grybauskas"
      ],
      "seats": 19,
      "open-seats": 1,
      "waitlist": 0,
      "days": "TuTh",
      "start": "12:30pm",
      "end": "2:30pm",
      "building": "",
      "room": "ONLINE"
    },
    {
      "id": "GC03",
      "instructors": [
        "Peter Grybauskas",
        "Justin Lohr"
      ],
      "seats": 19,
      "open-seats": 16,
      "waitlist": 0,
      "days": "TuTh",
      "start": "12:30pm",
      "end": "2:30pm",
      "building": "",
      "room": "ONLINE"
    }
  ],
  "term": "202112",
  "department": "English",
  "updated": "2022-01-21T18:35:11.039500Z"
}