{
  "id": "ANTH744",
  "title": "Collections, Data Management and Cultural Materials Preservation",
  "credits": "3",
  "description": "Restriction: Must be in the Cultural and Heritage Resource Management Program (CHRM); or by permission of the Anthropology department.",
  "grading-method": [
    "Reg",
    "Aud"
  ],
  "sections": [
    {
      "id": "PLA1",
      "instructors": [
        "Sandra Konzak"
      ],
      "seats": 17,
      "open-seats": 0,
      "waitlist": 0,
      "days": "",
      "start": "",
      "end": "",
      "building": "",
      "room": "ONLINE"
    },
    {
      "id": "PLA2",
      "instructors": [
        "Sandra Konzak"
      ],
      "seats": 17,
      "open-seats": 16,
      "waitlist": 0,
      "days": "",
      "start": "",
      "end": "",
      "building": "",
      "room": "ONLINE"
    }
  ],
  "term": "202112",
  "department": "Anthropology",
  "updated": "2022-01-21T18:31:24.626430Z"
}