{
  "id": "ANTH463",
  "title": "Climate Cultures",
  "credits": "3",
  "description": "Climate change is an inherently global problem. To a significant degree, its causes and consequences are cultural in nature: Climate change impacts, mitigation and adaptation efforts are perceived and addressed in culture-specific ways. This course will be an overview of the holistic and anthropological approaches to the study of how culture frames what we know and how we respond to climate change. Readings,lectures, and discussions will focus on how culture is expressed through the interplay of processes and practices in specific economic, social and political contexts.",
  "grading-method": [
    "Reg",
    "P-F",
    "Aud"
  ],
  "sections": [
    {
      "id": "WB11",
      "instructors": [
        "Grit Martinez"
      ],
      "seats": 25,
      "open-seats": 13,
      "waitlist": 0,
      "days": "",
      "start": "",
      "end": "",
      "building": "",
      "room": "ONLINE"
    }
  ],
  "term": "202112",
  "department": "Anthropology",
  "updated": "2022-01-21T18:31:17.189654Z"
}