{
  "id": "ANTH222",
  "title": "Introduction to Ecological and Evolutionary Anthropology",
  "credits": "4",
  "description": "Credit only granted for: ANTH220 or ANTH222.",
  "grading-method": [
    "Reg",
    "P-F",
    "Aud"
  ],
  "sections": [
    {
      "id": "WB11",
      "instructors": [
        "Miguel Vilar"
      ],
      "seats": 20,
      "open-seats": 7,
      "waitlist": 0,
      "days": "MWF",
      "start": "9:00am",
      "end": "12:15pm",
      "building": "",
      "room": "ONLINE"
    },
    {
      "id": "WB12",
      "instructors": [
        "Miguel Vilar"
      ],
      "seats": 20,
      "open-seats": 5,
      "waitlist": 0,
      "days": "MWF",
      "start": "9:00am",
      "end": "12:15pm",
      "building": "",
      "room": "ONLINE"
    }
  ],
  "term": "202112",
  "department": "Anthropology",
  "updated": "2022-01-21T18:31:08.089497Z"
}