{
  "id": "ANTH260",
  "title": "Introduction to Sociocultural Anthropology and Linguistics",
  "credits": "3",
  "description": "Culture and social relationships in a wide variety of settings from small-scale to complex societies. An overview of how anthropology analyzes human behavior. Particular attention to the relationship between language and culture.",
  "grading-method": [
    "Reg",
    "P-F",
    "Aud"
  ],
  "sections": [
    {
      "id": "WB11",
      "instructors": [
        "Patrick Rivera"
      ],
      "seats": 25,
      "open-seats": 17,
      "waitlist": 0,
      "days": "",
      "start": "",
      "end": "",
      "building": "",
      "room": "ONLINE"
    }
  ],
  "term": "202112",
  "department": "Anthropology",
  "updated": "2022-01-21T18:31:10.652033Z"
}