{
  "id": "ANTH749",
  "title": "Cultural and Heritage Resource Management Internship",
  "credits": "1",
  "description": "",
  "grading-method": [
    "Reg",
    "Aud"
  ],
  "sections": [
    {
      "id": "PLA1",
      "instructors": [
        "Matthew Palus"
      ],
      "seats": 20,
      "open-seats": 19,
      "waitlist": 0,
      "days": "",
      "start": "",
      "end": "",
      "building": "",
      "room": "ONLINE"
    }
  ],
  "term": "202112",
  "department": "Anthropology",
  "updated": "2022-01-21T18:31:25.707954Z"
}