{
  "id": "ANTH266",
  "title": "Changing Climate, Changing Cultures",
  "credits": "3",
  "description": "Explore past, present, and future interactions between humans and climate. Discussions, methods-oriented activities, and case study analyses provide students a foundation for appreciating the role of anthropology in understanding, responding to, and preparing for climate change.",
  "grading-method": [
    "Reg",
    "P-F",
    "Aud"
  ],
  "sections": [
    {
      "id": "WB11",
      "instructors": [
        "Jana Kopelentova Rehak"
      ],
      "seats": 35,
      "open-seats": 1,
      "waitlist": 0,
      "days": "TuTh",
      "start": "7:30pm",
      "end": "9:00pm",
      "building": "",
      "room": "ONLINE"
    }
  ],
  "term": "202112",
  "department": "Anthropology",
  "updated": "2022-01-21T18:31:13.902212Z"
}