{
  "id": "ANTH607",
  "title": "Anthropology and Development",
  "credits": "3",
  "description": "An examination of the intersection of Anthropology, international development and foreign policy. The course provides students with conceptual tools to engage with international development and other assistance projects in areas including conservation and climate change, governance and human security, gender, human rights, and political stability from a variety of viewpoints.",
  "grading-method": [
    "Reg",
    "Aud"
  ],
  "sections": [
    {
      "id": "WB11",
      "instructors": [
        "Christopher Hewlett",
        "Eduardo Fernandez"
      ],
      "seats": 20,
      "open-seats": 13,
      "waitlist": 0,
      "days": "TuTh",
      "start": "2:00pm",
      "end": "5:00pm",
      "building": "",
      "room": "ONLINE"
    }
  ],
  "term": "202112",
  "department": "Anthropology",
  "updated": "2022-01-21T18:31:18.275460Z"
}