{
  "id": "ANTH240",
  "title": "Introduction to Archaeology",
  "credits": "3",
  "description": "Exploration of the variety of past human societies and cultures through archaeology, from the emergence of anatomically modern humans to the more recent historical past.",
  "grading-method": [
    "Reg",
    "P-F",
    "Aud"
  ],
  "sections": [
    {
      "id": "WB11",
      "instructors": [
        "Charles Brace"
      ],
      "seats": 25,
      "open-seats": 19,
      "waitlist": 0,
      "days": "",
      "start": "",
      "end": "",
      "building": "",
      "room": "ONLINE"
    }
  ],
  "term": "202112",
  "department": "Anthropology",
  "updated": "2022-01-21T18:31:09.190775Z"
}