{
  "id": "ANTH799",
  "title": "Master's Thesis Research; Cultural and Heritage Resource Management Thesis",
  "credits": "1",
  "description": "",
  "grading-method": [
    "S-F"
  ],
  "sections": [
    {
      "id": "PLA1",
      "instructors": [
        "Matthew Palus"
      ],
      "seats": 20,
      "open-seats": 9,
      "waitlist": 0,
      "days": "",
      "start": "",
      "end": "",
      "building": "",
      "room": "ONLINE"
    }
  ],
  "term": "202112",
  "department": "Anthropology",
  "updated": "2022-01-21T18:31:28.851241Z"
}