{
  "id": "ANTH663",
  "title": "Climate Cultures",
  "credits": "3",
  "description": "Jointly offered with: ANTH463.",
  "grading-method": [
    "Reg",
    "Aud"
  ],
  "sections": [
    {
      "id": "WB11",
      "instructors": [
        "Grit Martinez"
      ],
      "seats": 25,
      "open-seats": 13,
      "waitlist": 0,
      "days": "",
      "start": "",
      "end": "",
      "building": "",
      "room": "ONLINE"
    }
  ],
  "term": "202112",
  "department": "Anthropology",
  "updated": "2022-01-21T18:31:19.350748Z"
}