{
  "id": "ANTH407",
  "title": "Anthropology and Development",
  "credits": "3",
  "description": "Jointly offered with: ANTH607.",
  "grading-method": [
    "Reg",
    "P-F",
    "Aud"
  ],
  "sections": [
    {
      "id": "WB11",
      "instructors": [
        "Christopher Hewlett",
        "Eduardo Fernandez"
      ],
      "seats": 20,
      "open-seats": 13,
      "waitlist": 0,
      "days": "TuTh",
      "start": "2:00pm",
      "end": "5:00pm",
      "building": "",
      "room": "ONLINE"
    }
  ],
  "term": "202112",
  "department": "Anthropology",
  "updated": "2022-01-21T18:31:16.115027Z"
}