{
  "id": "ANTH263",
  "title": "Sexuality and Culture",
  "credits": "3",
  "description": "Credit only granted for: ANTH298K or ANTH263.\nFormerly: ANTH298K.",
  "grading-method": [
    "Reg",
    "P-F",
    "Aud"
  ],
  "sections": [
    {
      "id": "WB11",
      "instructors": [
        "Jeanne Hanna"
      ],
      "seats": 25,
      "open-seats": 21,
      "waitlist": 0,
      "days": "TuTh",
      "start": "5:00pm",
      "end": "7:00pm",
      "building": "",
      "room": "ONLINE"
    }
  ],
  "term": "202112",
  "department": "Anthropology",
  "updated": "2022-01-21T18:31:11.735513Z"
}