{
  "id": "ANTH265",
  "title": "Anthropology of Global Health",
  "credits": "3",
  "description": "An overview of the growing field of global health including health care systems, medical practices, ideas about illness in cross-cultural contexts, issues of health development, global health inequity, and human rights issues. The course will focus on the history of global health, the critique of major international health agencies and their development paradigms, and the political economy of social inequalities and health.",
  "grading-method": [
    "Reg",
    "P-F",
    "Aud"
  ],
  "sections": [
    {
      "id": "WB11",
      "instructors": [
        "Laura Gilchrest"
      ],
      "seats": 35,
      "open-seats": 1,
      "waitlist": 0,
      "days": "",
      "start": "",
      "end": "",
      "building": "",
      "room": "ONLINE"
    }
  ],
  "term": "202112",
  "department": "Anthropology",
  "updated": "2022-01-21T18:31:12.810474Z"
}