{
  "id": "ANTH345",
  "title": "Introduction to Laboratory Methods in Archaeology",
  "credits": "3",
  "description": "The processing, curation, cataloging and analysis of data is an important part of any archaeology field project. Students will learn the basics of laboratory techniques necessary for the final analysis and interpretation of field data.",
  "grading-method": [
    "Reg",
    "P-F",
    "Aud"
  ],
  "sections": [
    {
      "id": "0101",
      "instructors": [
        "Adam Fracchia"
      ],
      "seats": 10,
      "open-seats": 8,
      "waitlist": 0,
      "days": "MTuWThF",
      "start": "9:00am",
      "end": "3:00pm",
      "building": "WDS",
      "room": "1124"
    }
  ],
  "term": "202112",
  "department": "Anthropology",
  "updated": "2022-01-21T18:31:15.034547Z"
}