{
  "id": "ANTH701",
  "title": "Anthropology Internship Preparation",
  "credits": "3",
  "description": "Preparation for internship includes practicum training in development, presentation and evaluation of position papers, proposals and work plans; literature search and use of secondary data sources in decision making the effect cultural analysis and resource management; ethics and professional development for work in non-academic settings.",
  "grading-method": [
    "Reg",
    "Aud"
  ],
  "sections": [],
  "term": "202112",
  "department": "Anthropology",
  "updated": "2022-01-21T18:31:21.461653Z"
}