{
  "id": "AOSC200",
  "title": "Weather and Climate",
  "credits": "3",
  "description": "Prerequisite: MATH107, MATH110, or MATH115.\nRecommended: Concurrent enrollment in AOSC201.",
  "grading-method": [
    "Reg",
    "P-F",
    "Aud"
  ],
  "sections": [
    {
      "id": "WB11",
      "instructors": [
        "Jeffrey Henrikson"
      ],
      "seats": 30,
      "open-seats": 0,
      "waitlist": 0,
      "days": "",
      "start": "",
      "end": "",
      "building": "",
      "room": "ONLINE"
    },
    {
      "id": "WB12",
      "instructors": [
        "Jeffrey Henrikson"
      ],
      "seats": 30,
      "open-seats": 2,
      "waitlist": 0,
      "days": "",
      "start": "",
      "end": "",
      "building": "",
      "room": "ONLINE"
    },
    {
      "id": "WB13",
      "instructors": [
        "Jeffrey Henrikson"
      ],
      "seats": 30,
      "open-seats": 3,
      "waitlist": 0,
      "days": "",
      "start": "",
      "end": "",
      "building": "",
      "room": "ONLINE"
    }
  ],
  "term": "202112",
  "department": "Atmospheric and Oceanic Science",
  "updated": "2022-01-21T18:31:33.300464Z"
}