{
  "id": "AOSC201",
  "title": "Weather and Climate Laboratory",
  "credits": "1",
  "description": "Corequisite: AOSC200.\nFormerly: METO201.",
  "grading-method": [
    "Reg",
    "P-F",
    "Aud"
  ],
  "sections": [
    {
      "id": "WB11",
      "instructors": [
        "Christopher Smith",
        "Natalia Roldan Henao",
        "Jhayron Perez Carrasquilla",
        "Akarsh Ralhan"
      ],
      "seats": 30,
      "open-seats": 0,
      "waitlist": 0,
      "days": "",
      "start": "",
      "end": "",
      "building": "",
      "room": "ONLINE"
    },
    {
      "id": "WB12",
      "instructors": [
        "Jhayron Perez Carrasquilla",
        "Natalia Roldan Henao",
        "Christopher Smith",
        "Akarsh Ralhan"
      ],
      "seats": 30,
      "open-seats": 4,
      "waitlist": 0,
      "days": "",
      "start": "",
      "end": "",
      "building": "",
      "room": "ONLINE"
    }
  ],
  "term": "202112",
  "department": "Atmospheric and Oceanic Science",
  "updated": "2022-01-21T18:31:34.389223Z"
}