{
  "id": "AOSC123",
  "title": "Causes and Implications of Global Change",
  "credits": "3",
  "description": "Cross-listed with GEOL123.\nCredit only granted for: AOSC123, GEOG123, GEOL123, or METO123.\nFormerly: METO123.",
  "grading-method": [
    "Reg",
    "P-F",
    "Aud"
  ],
  "sections": [
    {
      "id": "WB11",
      "instructors": [
        "Samantha Kemper"
      ],
      "seats": 40,
      "open-seats": 2,
      "waitlist": 0,
      "days": "",
      "start": "",
      "end": "",
      "building": "",
      "room": "ONLINE"
    }
  ],
  "term": "202112",
  "department": "Atmospheric and Oceanic Science",
  "updated": "2022-01-21T18:31:32.221816Z"
}