{
  "id": "FMSC654",
  "title": "Clinical Marriage and Family Therapy Practice",
  "credits": "3",
  "description": "Prerequisite: FMSC651.\nRestriction: Must be in Couple and Family Therapy (Master's) program.\nCredit only granted for: FMSC654 or FMST654.\nFormerly: FMST654.",
  "grading-method": [
    "Reg",
    "Aud"
  ],
  "sections": [
    {
      "id": "0101",
      "instructors": [
        "Patricia Barros"
      ],
      "seats": 15,
      "open-seats": 5,
      "waitlist": 0,
      "days": "M",
      "start": "8:00am",
      "end": "4:30pm",
      "building": "TBA",
      "room": ""
    }
  ],
  "term": "202112",
  "department": "Family Science",
  "updated": "2022-01-21T18:36:06.825970Z"
}