{
  "id": "FMSC111",
  "title": "Credit Cards and College Students",
  "credits": "1",
  "description": "Recommended: Moderate level of computer literacy, especially Internet and ELMS. Reliable computer and Internet access.\nCredit only granted for: FMSC111, FMSC341 or FMSC498D.\nFormerly: FMSC498D.",
  "grading-method": [
    "Reg",
    "P-F",
    "Aud"
  ],
  "sections": [
    {
      "id": "WB11",
      "instructors": [
        "Jesse Ketterman"
      ],
      "seats": 40,
      "open-seats": 6,
      "waitlist": 0,
      "days": "",
      "start": "",
      "end": "",
      "building": "",
      "room": "ONLINE"
    }
  ],
  "term": "202112",
  "department": "Family Science",
  "updated": "2022-01-21T18:35:42.890883Z"
}