{
  "id": "FMSC460",
  "title": "Violence in Families",
  "credits": "3",
  "description": "Prerequisite: SOCY100, SOCY105, or PSYC100.\nCredit only granted for: FMSC460 or FMST460.\nFormerly: FMST460.",
  "grading-method": [
    "Reg",
    "P-F",
    "Aud"
  ],
  "sections": [
    {
      "id": "WB11",
      "instructors": [
        "Christine Schull"
      ],
      "seats": 40,
      "open-seats": 5,
      "waitlist": 0,
      "days": "",
      "start": "",
      "end": "",
      "building": "",
      "room": "ONLINE"
    }
  ],
  "term": "202112",
  "department": "Family Science",
  "updated": "2022-01-21T18:36:03.553354Z"
}