{
  "id": "FMSC383",
  "title": "Delivery of Human Services to Families",
  "credits": "3",
  "description": "Prerequisite: FMSC330.\nRestriction: Must be in a major within SPHL-Family Science department.",
  "grading-method": [
    "Reg",
    "P-F",
    "Aud"
  ],
  "sections": [
    {
      "id": "WB11",
      "instructors": [
        "Allyson Pakstis"
      ],
      "seats": 35,
      "open-seats": 26,
      "waitlist": 0,
      "days": "",
      "start": "",
      "end": "",
      "building": "",
      "room": "ONLINE"
    }
  ],
  "term": "202112",
  "department": "Family Science",
  "updated": "2022-01-21T18:35:47.225651Z"
}