{
  "id": "FMSC879",
  "title": "Preparing Future Faculty and Professionals Seminar",
  "credits": "1",
  "description": "",
  "grading-method": [
    "Reg",
    "Aud"
  ],
  "sections": [
    {
      "id": "WB11",
      "instructors": [
        "Sandra Quinn"
      ],
      "seats": 8,
      "open-seats": 0,
      "waitlist": 0,
      "days": "W",
      "start": "1:00pm",
      "end": "5:10pm",
      "building": "",
      "room": "ONLINE"
    }
  ],
  "term": "202112",
  "department": "Family Science",
  "updated": "2022-01-21T18:36:14.900839Z"
}