{
  "id": "FMSC260",
  "title": "Couple Relationships",
  "credits": "3",
  "description": "Covers the different aspects of couple relationships and family life. This includes common problems in couple relationships, and resources to strengthen couple and family relationships. You will also learn about stages of relationships, theories of love and family, policy related to couples and family formation, and how research is conducted with couples and families. Together, we will discuss and explore issues that couples and families face in modern times and will consider how many of these issues have changed due to policy, technology, attitudes, and a variety of other societal factors that impact relationships in the 21st century. You will also learn important methods of strengthening current and future relationships.",
  "grading-method": [
    "Reg",
    "P-F",
    "Aud"
  ],
  "sections": [
    {
      "id": "WB11",
      "instructors": [
        "Elise Resnick"
      ],
      "seats": 40,
      "open-seats": 20,
      "waitlist": 0,
      "days": "",
      "start": "",
      "end": "",
      "building": "",
      "room": "ONLINE"
    }
  ],
  "term": "202112",
  "department": "Family Science",
  "updated": "2022-01-21T18:35:45.047792Z"
}