{
  "id": "FMSC190",
  "title": "Man Up! Where Are The Fathers?",
  "credits": "3",
  "description": "An examination of changing fatherhood roles, health, and inequality in diverse families. Focus will be on masculinities and disparities among men by race and class; provider role expectations; and trauma and violence faced by men in contemporary society.",
  "grading-method": [
    "Reg"
  ],
  "sections": [
    {
      "id": "WB11",
      "instructors": [
        "Kevin Roy"
      ],
      "seats": 45,
      "open-seats": 2,
      "waitlist": 0,
      "days": "",
      "start": "",
      "end": "",
      "building": "",
      "room": "ONLINE"
    }
  ],
  "term": "202112",
  "department": "Family Science",
  "updated": "2022-01-21T18:35:43.966035Z"
}