{
  "id": "FMSC341",
  "title": "Personal and Family Finance",
  "credits": "3",
  "description": "Credit only granted for: FMSC341 or FMST341.\nFormerly: FMST341.",
  "grading-method": [
    "Reg",
    "P-F",
    "Aud"
  ],
  "sections": [
    {
      "id": "WB11",
      "instructors": [
        "William Knight"
      ],
      "seats": 35,
      "open-seats": 3,
      "waitlist": 0,
      "days": "",
      "start": "",
      "end": "",
      "building": "",
      "room": "ONLINE"
    }
  ],
  "term": "202112",
  "department": "Family Science",
  "updated": "2022-01-21T18:35:46.125109Z"
}