{
  "id": "FMSC698V",
  "title": "Advanced Topics in Family Science; Violence in Families",
  "credits": "3",
  "description": "",
  "grading-method": [
    "Reg",
    "Aud"
  ],
  "sections": [
    {
      "id": "WB11",
      "instructors": [
        "Christine Schull"
      ],
      "seats": 15,
      "open-seats": 9,
      "waitlist": 0,
      "days": "",
      "start": "",
      "end": "",
      "building": "",
      "room": "ONLINE"
    }
  ],
  "term": "202112",
  "department": "Family Science",
  "updated": "2022-01-21T18:36:10.485575Z"
}