{
  "id": "FMSC487",
  "title": "Family Law",
  "credits": "3",
  "description": "Designed for students interested in studying the law, public health, and family science, this course provides students with a general overview of family law and the impact on healthy families. The course also includes the study of cutting-edge issues such as marriage equality, assisted reproduction and ethical issues that may arise.",
  "grading-method": [
    "Reg",
    "P-F",
    "Aud"
  ],
  "sections": [
    {
      "id": "WB11",
      "instructors": [
        "Kerry Tripp"
      ],
      "seats": 35,
      "open-seats": 25,
      "waitlist": 0,
      "days": "",
      "start": "",
      "end": "",
      "building": "",
      "room": "ONLINE"
    }
  ],
  "term": "202112",
  "department": "Family Science",
  "updated": "2022-01-21T18:36:04.642469Z"
}