{
  "id": "FMSC601",
  "title": "Doctoral Seminar in the Process of Inquiry",
  "credits": "1",
  "description": "Restriction: Must be a first-year student in the Family Science doctoral program or Maternal and Child Health doctoral program; or permission of instructor .",
  "grading-method": [
    "Reg"
  ],
  "sections": [
    {
      "id": "0101",
      "instructors": [
        "Kevin Roy"
      ],
      "seats": 15,
      "open-seats": 6,
      "waitlist": 0,
      "days": "F",
      "start": "12:00pm",
      "end": "3:00pm",
      "building": "TBA",
      "room": ""
    }
  ],
  "term": "202112",
  "department": "Family Science",
  "updated": "2022-01-21T18:36:05.725510Z"
}