{
  "id": "FMSC698P",
  "title": "Advanced Topics in Family Science; Play Therapy",
  "credits": "3",
  "description": "",
  "grading-method": [
    "Reg",
    "Aud"
  ],
  "sections": [
    {
      "id": "WB11",
      "instructors": [
        "Jodi Cobb"
      ],
      "seats": 25,
      "open-seats": 16,
      "waitlist": 0,
      "days": "",
      "start": "",
      "end": "",
      "building": "",
      "room": "ONLINE"
    }
  ],
  "term": "202112",
  "department": "Family Science",
  "updated": "2022-01-21T18:36:09.415074Z"
}