{
  "id": "HLSA300",
  "title": "Introduction to Health Policy and Services",
  "credits": "3",
  "description": "Prerequisite: Must have completed or be concurrently enrolled in SPHL100 or PHSC300.\nRestriction: Must be in Public Health Science program; and must have earned a minimum of 60 credits.\nCredit only granted for: SPHL498P or HLSA300.\nFormerly: SPHL498P.",
  "grading-method": [
    "Reg"
  ],
  "sections": [
    {
      "id": "WB11",
      "instructors": [
        "Kaitlynn Robinson-Ector"
      ],
      "seats": 25,
      "open-seats": 0,
      "waitlist": 0,
      "days": "",
      "start": "",
      "end": "",
      "building": "",
      "room": "ONLINE"
    }
  ],
  "term": "202112",
  "department": "Health Services Administration",
  "updated": "2022-01-21T18:37:22.064607Z"
}