{
  "id": "PHSC430",
  "title": "Public Health in the City: Perspectives on Health in the Urban Environment",
  "credits": "3",
  "description": "Prerequisite: Minimum grade of C- in BSCI202 and MIEH300.\nRestriction: Must be in Public Health Science program; and junior standing or higher.\nCredit only granted for: PHSC430 or SPHL498G.\nFormerly: SPHL498G.",
  "grading-method": [
    "Reg"
  ],
  "sections": [
    {
      "id": "WB11",
      "instructors": [
        "Kendall Bustad"
      ],
      "seats": 30,
      "open-seats": 20,
      "waitlist": 0,
      "days": "",
      "start": "",
      "end": "",
      "building": "",
      "room": "ONLINE"
    }
  ],
  "term": "202112",
  "department": "Public Health Science",
  "updated": "2022-01-21T18:39:21.808301Z"
}