{
  "id": "BIOM301",
  "title": "Introduction to Biometrics",
  "credits": "3",
  "description": "Prerequisite: MATH113 or MATH115.\nCredit only granted for: BIOM301, BMGT230, CCJS200, ECON230, EDMS451, GEOG306, GEOL351, GVPT422, INST314, JOUR405, PSYC200 or SOCY201.",
  "grading-method": [
    "Reg",
    "P-F",
    "Aud"
  ],
  "sections": [
    {
      "id": "WB11",
      "instructors": [
        "Christine Hakenkamp"
      ],
      "seats": 75,
      "open-seats": 6,
      "waitlist": 0,
      "days": "MTuWThF",
      "start": "11:00am",
      "end": "1:00pm",
      "building": "",
      "room": "ONLINE"
    }
  ],
  "term": "202112",
  "department": "Biometrics",
  "updated": "2022-01-21T18:31:58.497941Z"
}