{
  "id": "ENES664",
  "title": "Business Modeling and Customer Validation",
  "credits": "3",
  "description": "Prerequisite: ENES662 and ENES663.",
  "grading-method": [
    "Reg"
  ],
  "sections": [
    {
      "id": "PLM1",
      "instructors": [
        "Daniel Gordon"
      ],
      "seats": 25,
      "open-seats": 10,
      "waitlist": 0,
      "days": "",
      "start": "",
      "end": "",
      "building": "",
      "room": "ONLINE"
    }
  ],
  "term": "202112",
  "department": "Engineering Science",
  "updated": "2022-01-21T18:35:02.812832Z"
}