{
  "id": "ENES317",
  "title": "Introduction to Engineering Leadership",
  "credits": "3",
  "description": "Restriction: Must be in the Minor in Global Engineering Leadership(#EN09).\nAdditional information: Students not meeting restriction requirements should add themselves to the course holdfile. Restrictions DO NOT apply to winter and summer terms.",
  "grading-method": [
    "Reg",
    "P-F",
    "Aud"
  ],
  "sections": [
    {
      "id": "WB11",
      "instructors": [
        "Darren Pierre"
      ],
      "seats": 45,
      "open-seats": 31,
      "waitlist": 0,
      "days": "",
      "start": "",
      "end": "",
      "building": "",
      "room": "ONLINE"
    }
  ],
  "term": "202112",
  "department": "Engineering Science",
  "updated": "2022-01-21T18:34:58.449068Z"
}