{
  "id": "ENES460",
  "title": "Fundamentals of Technology Start-Up Ventures",
  "credits": "3",
  "description": "Restriction: Permission of ENGR-Maryland Technology Enterprise Institute.\nCredit only granted for: ENES460, BMGT461, SMLP470 or HLMN470.\nAdditional information: Course may not be used to fulfill any BMGT major or minor program requirement.",
  "grading-method": [
    "Reg",
    "P-F",
    "Aud"
  ],
  "sections": [
    {
      "id": "WB11",
      "instructors": [
        "Cait von Schnetlage"
      ],
      "seats": 65,
      "open-seats": 11,
      "waitlist": 0,
      "days": "",
      "start": "",
      "end": "",
      "building": "",
      "room": "ONLINE"
    }
  ],
  "term": "202112",
  "department": "Engineering Science",
  "updated": "2022-01-21T18:34:59.543313Z"
}