{
  "id": "ENES102",
  "title": "Mechanics I",
  "credits": "3",
  "description": "Corequisite: MATH140.\nRestriction: Must be in a major in ENGR-A. James Clark School of Engineering.\nFormerly: ENES110.",
  "grading-method": [
    "Reg",
    "P-F",
    "Aud"
  ],
  "sections": [
    {
      "id": "WB11",
      "instructors": [
        "Aris Cleanthous"
      ],
      "seats": 50,
      "open-seats": 14,
      "waitlist": 0,
      "days": "MTuWThF",
      "start": "10:00am",
      "end": "1:00pm",
      "building": "",
      "room": "ONLINE"
    }
  ],
  "term": "202112",
  "department": "Engineering Science",
  "updated": "2022-01-21T18:34:54.126675Z"
}