{
  "id": "ENES221",
  "title": "Dynamics",
  "credits": "3",
  "description": "Prerequisite: Minimum grade of C- in ENES102; and (MATH141 and PHYS161).\nRestriction: Must be in a major in ENGR-A. James Clark School of Engineering.",
  "grading-method": [
    "Reg",
    "P-F",
    "Aud"
  ],
  "sections": [
    {
      "id": "WB11",
      "instructors": [
        "Patrick McAvoy"
      ],
      "seats": 50,
      "open-seats": 18,
      "waitlist": 0,
      "days": "MTuWThF",
      "start": "10:00am",
      "end": "1:00pm",
      "building": "",
      "room": "ONLINE"
    }
  ],
  "term": "202112",
  "department": "Engineering Science",
  "updated": "2022-01-21T18:34:56.287651Z"
}