{
  "id": "ENES471",
  "title": "Legal Aspects of Entrepreneurship",
  "credits": "3",
  "description": "Additional information: Course may not be used to fulfill any BMGT major or minor program requirement.",
  "grading-method": [
    "Reg",
    "P-F"
  ],
  "sections": [
    {
      "id": "WB11",
      "instructors": [
        "Wilson White"
      ],
      "seats": 50,
      "open-seats": 12,
      "waitlist": 0,
      "days": "",
      "start": "",
      "end": "",
      "building": "",
      "room": "ONLINE"
    }
  ],
  "term": "202112",
  "department": "Engineering Science",
  "updated": "2022-01-21T18:35:00.622280Z"
}