{
  "id": "ENES232",
  "title": "Thermodynamics",
  "credits": "3",
  "description": "Prerequisite: PHYS261 and PHYS260.\nRestriction: Must be in a major in ENGR-A. James Clark School of Engineering.\nCredit only granted for: BIOE232, CHBE301, ENCH300, ENES232, ENME320, or ENME232.\nFormerly: ENME232 and ENME320.",
  "grading-method": [
    "Reg",
    "P-F",
    "Aud"
  ],
  "sections": [
    {
      "id": "WB11",
      "instructors": [
        "Kevin Calabro"
      ],
      "seats": 50,
      "open-seats": 10,
      "waitlist": 0,
      "days": "MTuWThF",
      "start": "10:00am",
      "end": "1:00pm",
      "building": "",
      "room": "ONLINE"
    }
  ],
  "term": "202112",
  "department": "Engineering Science",
  "updated": "2022-01-21T18:34:57.366457Z"
}