{
  "id": "ENES670",
  "title": "Financial Management and New Venture Financing",
  "credits": "3",
  "description": "Prerequisite: ENES666 and ENES667.",
  "grading-method": [
    "Reg"
  ],
  "sections": [
    {
      "id": "PLM1",
      "instructors": [
        "Michael Pratt"
      ],
      "seats": 25,
      "open-seats": 12,
      "waitlist": 0,
      "days": "",
      "start": "",
      "end": "",
      "building": "",
      "room": "ONLINE"
    }
  ],
  "term": "202112",
  "department": "Engineering Science",
  "updated": "2022-01-21T18:35:05.007890Z"
}