{
  "id": "ENES472",
  "title": "International Business Cultures in Engineering and Technology",
  "credits": "3",
  "description": "Restriction: Sophomore standing or higher; must be a minor in Global Engineering Leadership (#EN09), Global Poverty (#AG06), Global Terrorism Studies (#BS07), or International Development and Conflict Management (#BS02).\nCredit only granted for: ENES472, SLLC471, or SLLC473.\nAdditional information: Students not meeting restriction requirements should add themselves to the course holdfile. Restrictions DO NOT apply to winter and summer terms.",
  "grading-method": [
    "Reg",
    "P-F",
    "Aud"
  ],
  "sections": [
    {
      "id": "WB11",
      "instructors": [
        "Brian Dillehay"
      ],
      "seats": 40,
      "open-seats": 27,
      "waitlist": 0,
      "days": "",
      "start": "",
      "end": "",
      "building": "",
      "room": "ONLINE"
    }
  ],
  "term": "202112",
  "department": "Engineering Science",
  "updated": "2022-01-21T18:35:01.705429Z"
}