{
  "id": "BIOE489X",
  "title": "Special Topics in Bioengineering; Primary Literature in Genome Editing & Synthetic Biology",
  "credits": "3",
  "description": "Prereqs: BIOE120, BIOE121, BSCI330\n\nThe course will introduce students to the field of genome editing and synthetic biology. After reviewing basic molecular biology concepts necessary to engage with the material, the course will explore the relevant cutting-edge technologies via in-depth analysis of the primary literature, both historically important and recent landmark papers.",
  "grading-method": [
    "Reg",
    "P-F",
    "Aud"
  ],
  "sections": [
    {
      "id": "WB11",
      "instructors": [
        "Jarred Callura"
      ],
      "seats": 20,
      "open-seats": 15,
      "waitlist": 0,
      "days": "",
      "start": "",
      "end": "",
      "building": "",
      "room": "ONLINE"
    }
  ],
  "term": "202112",
  "department": "Bioengineering",
  "updated": "2022-01-21T18:31:57.163073Z"
}