{
  "id": "BIOE447",
  "title": "Clinical Experiences in Bioengineering",
  "credits": "3",
  "description": "Prerequisite: BIOE221.\nRestriction: Permission of ENGR-Fischell Department of Bioengineering department.\nCredit only granted for: BIOE489O or BIOE447.\nFormerly: BIOE489O.",
  "grading-method": [
    "Reg",
    "P-F",
    "Aud"
  ],
  "sections": [
    {
      "id": "WB11",
      "instructors": [
        "Christopher Jewell"
      ],
      "seats": 15,
      "open-seats": 1,
      "waitlist": 0,
      "days": "MTuWTh",
      "start": "9:00am",
      "end": "12:15pm",
      "building": "",
      "room": "ONLINE"
    }
  ],
  "term": "202112",
  "department": "Bioengineering",
  "updated": "2022-01-21T18:31:56.086955Z"
}