{
  "id": "HISP629",
  "title": "Independent Studies in Historic Preservation",
  "credits": "1",
  "description": "",
  "grading-method": [
    "Reg",
    "Aud",
    "S-F"
  ],
  "sections": [
    {
      "id": "I102",
      "instructors": [
        "Donald Linebaugh"
      ],
      "seats": 1,
      "open-seats": 1,
      "waitlist": 0,
      "days": "",
      "start": "",
      "end": "",
      "building": "",
      "room": "ONLINE"
    }
  ],
  "term": "202112",
  "department": "Historic Preservation",
  "updated": "2022-01-21T18:37:11.818167Z"
}