{
  "id": "AREC898",
  "title": "Pre-Candidacy Research",
  "credits": "1",
  "description": "",
  "grading-method": [
    "S-F"
  ],
  "sections": [
    {
      "id": "0137",
      "instructors": [
        "Anna Alberini"
      ],
      "seats": 10,
      "open-seats": 10,
      "waitlist": 0,
      "days": "",
      "start": "",
      "end": "",
      "building": "",
      "room": ""
    }
  ],
  "term": "202112",
  "department": "Agricultural and Resource Economics",
  "updated": "2022-01-21T18:31:41.392493Z"
}