{
  "id": "GVPT359B",
  "title": "Topics in Comparative Politics; Dictators Gone Global",
  "credits": "3",
  "description": "In this course, we will explore whether or not we're experiencing a democratic recession in which the norms of dictatorship are becoming more widely accepted. We'll ask how authoritarian regimes are working to influence the world in order to make it safe for dictatorship. Some of the specific tactics we'll examine include the distribution of misinformation on social media, the hiring of foreign lobbying firms, and even assassinating dissidents living in exile. We'll ask whether these tactics are new or recycled, and whether aggressive actions by the world's dictators constitute an existential threat to democracy.",
  "grading-method": [
    "Reg",
    "P-F",
    "Aud"
  ],
  "sections": [
    {
      "id": "WB11",
      "instructors": [
        "Connor Kopchick"
      ],
      "seats": 50,
      "open-seats": 34,
      "waitlist": 0,
      "days": "",
      "start": "",
      "end": "",
      "building": "",
      "room": "ONLINE"
    }
  ],
  "term": "202112",
  "department": "Government and Politics",
  "updated": "2022-01-21T18:36:51.306721Z"
}