{
  "id": "GVPT309P",
  "title": "Topics in International Relations; Foreign Policy and Public Opinion",
  "credits": "3",
  "description": "This course will focus on the relationship between American public opinion and U.S. foreign policy. The course is structured around three primary questions: Does the American public have coherent attitudes about U.S. foreign policy? If so, what is the content of those attitudes? Do casualties matter, if so how? We will address these questions through a review of the literature on American public opinion and foreign policy.",
  "grading-method": [
    "Reg",
    "P-F",
    "Aud"
  ],
  "sections": [
    {
      "id": "WB11",
      "instructors": [
        "Autumn Perkey"
      ],
      "seats": 50,
      "open-seats": 41,
      "waitlist": 0,
      "days": "",
      "start": "",
      "end": "",
      "building": "",
      "room": "ONLINE"
    }
  ],
  "term": "202112",
  "department": "Government and Politics",
  "updated": "2022-01-21T18:36:50.223580Z"
}