{
  "id": "GVPT282",
  "title": "Politics and the Developing World",
  "credits": "3",
  "description": "A study of the domestic governmental institutions; processes and problems such as conflict and economic development; and the socio-economic environments that are common to developing countries of Africa, the Middle East, Asia, and Latin America.",
  "grading-method": [
    "Reg",
    "P-F",
    "Aud"
  ],
  "sections": [
    {
      "id": "WB11",
      "instructors": [
        "Taylor Vincent"
      ],
      "seats": 50,
      "open-seats": 37,
      "waitlist": 0,
      "days": "",
      "start": "",
      "end": "",
      "building": "",
      "room": "ONLINE"
    }
  ],
  "term": "202112",
  "department": "Government and Politics",
  "updated": "2022-01-21T18:36:48.047957Z"
}