{
  "id": "GVPT200",
  "title": "International Political Relations",
  "credits": "3",
  "description": "A study of the major factors underlying international relations, the causes of conflict and cooperation among international actors, the role of international institutions, the interactions of domestic and foreign policies, and major issues in security, economy and the environment.",
  "grading-method": [
    "Reg",
    "P-F",
    "Aud"
  ],
  "sections": [
    {
      "id": "WB11",
      "instructors": [
        "Hyunki Kim"
      ],
      "seats": 50,
      "open-seats": 23,
      "waitlist": 0,
      "days": "",
      "start": "",
      "end": "",
      "building": "",
      "room": "ONLINE"
    }
  ],
  "term": "202112",
  "department": "Government and Politics",
  "updated": "2022-01-21T18:36:46.777543Z"
}