{
  "id": "GVPT170",
  "title": "American Government",
  "credits": "3",
  "description": "A comprehensive study of national government in the United States.",
  "grading-method": [
    "Reg",
    "P-F",
    "Aud"
  ],
  "sections": [
    {
      "id": "WB11",
      "instructors": [
        "Tristan Hightower"
      ],
      "seats": 50,
      "open-seats": 24,
      "waitlist": 0,
      "days": "",
      "start": "",
      "end": "",
      "building": "",
      "room": "ONLINE"
    }
  ],
  "term": "202112",
  "department": "Government and Politics",
  "updated": "2022-01-21T18:36:45.690209Z"
}