{
  "id": "GVPT306",
  "title": "Global Environmental Politics",
  "credits": "3",
  "description": "Prerequisite: GVPT200.\nRestriction: Must be in one of the following programs (Government & Politics; Government & Politics: International Relations) ; or permission of BSOS-Government & Politics department.",
  "grading-method": [
    "Reg",
    "P-F",
    "Aud"
  ],
  "sections": [
    {
      "id": "WB11",
      "instructors": [
        "Jennifer Wallace"
      ],
      "seats": 50,
      "open-seats": 22,
      "waitlist": 0,
      "days": "",
      "start": "",
      "end": "",
      "building": "",
      "room": "ONLINE"
    }
  ],
  "term": "202112",
  "department": "Government and Politics",
  "updated": "2022-01-21T18:36:49.135249Z"
}