{
  "id": "CHIN315",
  "title": "Modern Chinese Literature in Translation",
  "credits": "3",
  "description": "Major works of fiction and drama from 1920 to the present read in the context of social and literary change. Emphasis on western and traditional Chinese influences on the writers and their works. No knowledge of Chinese required.",
  "grading-method": [
    "Reg",
    "P-F",
    "Aud"
  ],
  "sections": [
    {
      "id": "WB11",
      "instructors": [
        "Ying Xue Liu"
      ],
      "seats": 25,
      "open-seats": 21,
      "waitlist": 0,
      "days": "MWF",
      "start": "1:00pm",
      "end": "3:30pm",
      "building": "",
      "room": "ONLINE"
    }
  ],
  "term": "202112",
  "department": "Chinese",
  "updated": "2022-01-21T18:32:51.929417Z"
}