{
  "id": "ARCH478D",
  "title": "Selected Topics in Architecture; Havana's Art & Culture: The intersection of architecutre, planning, preservation and economics.",
  "credits": "3",
  "description": "This course will explore art and culture in Havana, Cuba as the intersection of architecture, planning, preservation, and economics, including real estate development. Havana is one of the oldest cities in the hemisphere, having just celebrated its 500th anniversary. The course will provide the opportunity for the students to intensely interact (virtually, from Havana) with Cuban experts in each discipline. Students will first learn about the rich and complex contextual past and present framework for how these four disciplines interact and are manifested in the arts, culture, and society. Group projects will apply the learning to specific neighborhoods in Havana.\n\nThis is a Global Classrooms course, developed in partnership with the Office of International Affairs (OIA) to provide opportunities for virtual, project-based, and international collaboration.",
  "grading-method": [
    "Reg",
    "P-F",
    "Aud"
  ],
  "sections": [
    {
      "id": "GC01",
      "instructors": [
        "Reemberto Rodriguez",
        "Gerrit Knaap"
      ],
      "seats": 25,
      "open-seats": 3,
      "waitlist": 0,
      "days": "MTuWThF",
      "start": "3:00pm",
      "end": "6:00pm",
      "building": "",
      "room": "ONLINE"
    }
  ],
  "term": "202112",
  "department": "Architecture",
  "updated": "2022-01-21T18:31:37.974834Z"
}