{
  "id": "ARCH678W",
  "title": "Advanced Selected Topics in Architecture; ULI Seminar",
  "credits": "3",
  "description": "",
  "grading-method": [
    "Reg",
    "Aud"
  ],
  "sections": [
    {
      "id": "0101",
      "instructors": [
        "Matthew Bell"
      ],
      "seats": 5,
      "open-seats": 4,
      "waitlist": 0,
      "days": "",
      "start": "",
      "end": "",
      "building": "",
      "room": ""
    }
  ],
  "term": "202112",
  "department": "Architecture",
  "updated": "2022-01-21T18:31:40.129223Z"
}