{
  "id": "ARCH386",
  "title": "Experiential Learning",
  "credits": "3",
  "description": "Restriction: Must have learning proposal approved by faculty sponsor and student's internship sponsor; and sophomore standing or higher; and permission of ARCH-Architecture Program.",
  "grading-method": [
    "Reg",
    "P-F"
  ],
  "sections": [
    {
      "id": "WB11",
      "instructors": [
        "Brent Hernandez"
      ],
      "seats": 1,
      "open-seats": 0,
      "waitlist": 0,
      "days": "MTuWThF",
      "start": "11:00am",
      "end": "2:00pm",
      "building": "",
      "room": "ONLINE"
    }
  ],
  "term": "202112",
  "department": "Architecture",
  "updated": "2022-01-21T18:31:36.904486Z"
}