{
  "id": "AAST355",
  "title": "Asian Americans in Film",
  "credits": "3",
  "description": "Cross-listed with: AMST328W.\nCredit only granted for: AAST355, AAST398L or AMST328W.\nFormerly: 398L.",
  "grading-method": [
    "Reg",
    "P-F",
    "Aud"
  ],
  "sections": [
    {
      "id": "WB11",
      "instructors": [
        "Binod Paudyal"
      ],
      "seats": 20,
      "open-seats": 0,
      "waitlist": 0,
      "days": "",
      "start": "",
      "end": "",
      "building": "",
      "room": "ONLINE"
    }
  ],
  "term": "202112",
  "department": "Asian American Studies",
  "updated": "2022-01-21T18:30:50.513781Z"
}