{
  "id": "CMSC389Z",
  "title": "Special Topics in Computer Science; Network Management and Programming in a Linux Environment",
  "credits": "1",
  "description": "Prerequisite: Minimum grade of C- in CMSC216.",
  "grading-method": [
    "Reg"
  ],
  "sections": [
    {
      "id": "WB11",
      "instructors": [
        "Michael Marsh"
      ],
      "seats": 40,
      "open-seats": 22,
      "waitlist": 0,
      "days": "MWF",
      "start": "11:00am",
      "end": "12:30pm",
      "building": "",
      "room": "ONLINE"
    }
  ],
  "term": "202112",
  "department": "Computer Science",
  "updated": "2022-01-21T18:33:13.900065Z"
}