{
  "id": "CMSC388B",
  "title": "Special Topics in Computer Science; Introduction to Web Application Back End Development",
  "credits": "1",
  "description": "Prerequisite: CMSC330. Restriction: permission of department.\n\nQuestions about the course should be directed to Andrej Rasevic at arasevic@cs.umd.edu",
  "grading-method": [
    "Reg"
  ],
  "sections": [
    {
      "id": "WB11",
      "instructors": [
        "Michael Hicks"
      ],
      "seats": 100,
      "open-seats": 42,
      "waitlist": 0,
      "days": "TuThF",
      "start": "4:30pm",
      "end": "6:00pm",
      "building": "",
      "room": "ONLINE"
    }
  ],
  "term": "202112",
  "department": "Computer Science",
  "updated": "2022-01-21T18:33:11.745860Z"
}