{
  "id": "CMSC398A",
  "title": "Special Topics in Computer Science; Human Factors in Privacy and Security",
  "credits": "1",
  "description": "Prerequisite: CMSC216 and CMSC250 Restriction: permission of department.\n\nThis course will introduce students to the connections between computer security and human behavior. We'll consider the tension between primary and security goals as manifested in the actions of end users, software developers (tasked with writing secure software), and system administrators. Classwork will focus on reading academic papers and applying methods from these papers through exercises and homeworks.",
  "grading-method": [
    "Reg",
    "P-F",
    "Aud"
  ],
  "sections": [
    {
      "id": "WB11",
      "instructors": [
        "Kelsey Fulton"
      ],
      "seats": 40,
      "open-seats": 27,
      "waitlist": 0,
      "days": "TuThF",
      "start": "11:00am",
      "end": "12:30pm",
      "building": "",
      "room": "ONLINE"
    }
  ],
  "term": "202112",
  "department": "Computer Science",
  "updated": "2022-01-21T18:33:14.966085Z"
}