{
  "id": "CMSC398B",
  "title": "Special Topics in Computer Science; Distributed systems programming with Go",
  "credits": "1",
  "description": "Prerequisite: CMSC216. Restriction: permission of department.\n\nThis course will introduce students to important topics in distributed systems programming, programmed using the Go programming language. Topics include JSON over HTTP services, protocol buffers, gRPC, service discovery and load balancing, and Kubernetes. Coursework will involve programming problems and exam-based assessments.",
  "grading-method": [
    "Reg",
    "P-F",
    "Aud"
  ],
  "sections": [
    {
      "id": "WB11",
      "instructors": [
        "Peter Keleher"
      ],
      "seats": 30,
      "open-seats": 17,
      "waitlist": 0,
      "days": "TuThF",
      "start": "1:00pm",
      "end": "2:30pm",
      "building": "",
      "room": "ONLINE"
    }
  ],
  "term": "202112",
  "department": "Computer Science",
  "updated": "2022-01-21T18:33:16.045668Z"
}