{
  "id": "LARC160",
  "title": "Introduction to Landscape Architecture and Environmental Design",
  "credits": "3",
  "description": "History, theory, philosophy and current practice of the profession of landscape architecture. Explores the interactive relationship between humans and their environment by examining people's perceptions of and changing attitude towards the landscape, as well as, an examination of how these are related to ecological and cultural influences. Topics include urban, ecological, community and creative design.",
  "grading-method": [
    "Reg",
    "P-F",
    "Aud"
  ],
  "sections": [
    {
      "id": "WB11",
      "instructors": [
        "Colleen Vacelet"
      ],
      "seats": 20,
      "open-seats": 3,
      "waitlist": 0,
      "days": "",
      "start": "",
      "end": "",
      "building": "",
      "room": "ONLINE"
    }
  ],
  "term": "202112",
  "department": "Landscape Architecture",
  "updated": "2022-01-21T18:38:27.081930Z"
}