{
  "id": "LARC453",
  "title": "Introduction to GIS and Hydrologic Modeling",
  "credits": "3",
  "description": "Introduction to Geographic Information Systems (GIS) and their application to hydrologic modeling. Basic GIS skills are used to manipulate and analyze spatial data to populate NRCS TR-55 hydrologic model for use in sizing constructed wetlands, bio-retention cells, and minor flood zones. No prior knowledge of GIS or hydrologic modeling is required. Stormwater and erosion control permitting as well as basic design principles for Maryland Environmental Site Design standards are introduced.",
  "grading-method": [
    "Reg",
    "P-F",
    "Aud"
  ],
  "sections": [
    {
      "id": "WB11",
      "instructors": [
        "Christopher Ellis"
      ],
      "seats": 20,
      "open-seats": 0,
      "waitlist": 0,
      "days": "",
      "start": "",
      "end": "",
      "building": "",
      "room": "ONLINE"
    }
  ],
  "term": "202112",
  "department": "Landscape Architecture",
  "updated": "2022-01-21T18:38:29.238491Z"
}