{
  "id": "LARC151",
  "title": "Urban Agriculture: Designing and Assessing Edible Landscapes",
  "credits": "3",
  "description": "Students will examine the growing development of urban agriculture and edible landscapes. Urban agriculture has seen a recent growth and interest in cities across the globe. From Paris to New York, from Baltimore to Detroit, urban agriculture is an emerging land use to address a variety of needs. Redevelopment, food deserts, community engagement and environmental justice are just some of the issues and topics that are connected to the recent growth of urban agriculture. This course will take a critical examination of urban agriculture's contribution to the food system, its input and outputs in the urban landscape, and the planning and design of urban agriculture and edible landscapes.",
  "grading-method": [
    "Reg"
  ],
  "sections": [
    {
      "id": "WB11",
      "instructors": [
        "Amy Sametshaw",
        "Eric Samet-Shaw"
      ],
      "seats": 25,
      "open-seats": 3,
      "waitlist": 0,
      "days": "",
      "start": "",
      "end": "",
      "building": "",
      "room": "ONLINE"
    }
  ],
  "term": "202112",
  "department": "Landscape Architecture",
  "updated": "2022-01-21T18:38:26.008021Z"
}