{
  "id": "LARC162",
  "title": "Environmental Justice: Same World, Different Built Environment",
  "credits": "3",
  "description": "Environmental Justice will be explored in the context of the built environment. What unequal public built environmental threats exist? How can these threats be prevented or eliminated? Public schools, public parks, access to clean water, air pollution, tree coverage are among the built environments examined in the course.",
  "grading-method": [
    "Reg",
    "P-F",
    "Aud"
  ],
  "sections": [
    {
      "id": "WB11",
      "instructors": [
        "Dora Cortez",
        "Byoung-Suk Kweon"
      ],
      "seats": 20,
      "open-seats": 5,
      "waitlist": 0,
      "days": "",
      "start": "",
      "end": "",
      "building": "",
      "room": "ONLINE"
    }
  ],
  "term": "202112",
  "department": "Landscape Architecture",
  "updated": "2022-01-21T18:38:28.156658Z"
}