{
  "id": "LARC489O",
  "title": "Special Topics in Landscape Architecture; Computer-Aided Design and Drafting (CADD): Urban Construction",
  "credits": "3",
  "description": "",
  "grading-method": [
    "Reg"
  ],
  "sections": [
    {
      "id": "WB11",
      "instructors": [
        "Christopher Ellis"
      ],
      "seats": 25,
      "open-seats": 0,
      "waitlist": 0,
      "days": "",
      "start": "",
      "end": "",
      "building": "",
      "room": "ONLINE"
    }
  ],
  "term": "202112",
  "department": "Landscape Architecture",
  "updated": "2022-01-21T18:38:31.392877Z"
}