{
  "id": "PHIL170",
  "title": "Introduction to Symbolic Logic",
  "credits": "3",
  "description": "This course will introduce the basic concepts and techniques of modern symbolic logic, with an emphasis on developing skills in two areas: first, translating between ordinary language and logical notation; second, establishing the validity or invalidity of arguments using the methods of truth tables, deductions, and countermodels. Although the subject of symbolic logic was developed by mathematicians and philosophers for their own special purposes (which we will discuss), logical concepts and techniques have found applications in a variety of disciplines, including computer science, economics, law, linguistics, and psychology. We may also consider some of these applications.",
  "grading-method": [
    "Reg",
    "P-F",
    "Aud"
  ],
  "sections": [
    {
      "id": "WB11",
      "instructors": [
        "Michael McCourt"
      ],
      "seats": 30,
      "open-seats": 16,
      "waitlist": 0,
      "days": "",
      "start": "",
      "end": "",
      "building": "",
      "room": "ONLINE"
    }
  ],
  "term": "202112",
  "department": "Philosophy",
  "updated": "2022-01-21T18:39:18.286772Z"
}