{
  "id": "PHIL344",
  "title": "Philosophy of Race",
  "credits": "3",
  "description": "Credit only granted for: PHIL344 or PHIL308Y.\nFormerly: PHIL308Y.",
  "grading-method": [
    "Reg",
    "P-F",
    "Aud"
  ],
  "sections": [
    {
      "id": "WB11",
      "instructors": [
        "Shen Pan"
      ],
      "seats": 30,
      "open-seats": 15,
      "waitlist": 0,
      "days": "",
      "start": "",
      "end": "",
      "building": "",
      "room": "ONLINE"
    }
  ],
  "term": "202112",
  "department": "Philosophy",
  "updated": "2022-01-21T18:39:20.441095Z"
}