{
  "id": "PHIL100",
  "title": "Introduction to Philosophy",
  "credits": "3",
  "description": "An introduction to the literature, problems, and methods of philosophy either through a study of some of the main figures in philosophic thought or through an examination of some of the central and recurring problems of philosophy.",
  "grading-method": [
    "Reg",
    "P-F",
    "Aud"
  ],
  "sections": [
    {
      "id": "WB11",
      "instructors": [
        "Jonathan Kendrick"
      ],
      "seats": 30,
      "open-seats": 15,
      "waitlist": 0,
      "days": "",
      "start": "",
      "end": "",
      "building": "",
      "room": "ONLINE"
    }
  ],
  "term": "202112",
  "department": "Philosophy",
  "updated": "2022-01-21T18:39:16.122216Z"
}