{
  "id": "ENME272",
  "title": "Introduction to Computer Aided Design",
  "credits": "2",
  "description": "Prerequisite: Must have completed or be concurrently enrolled in MATH141.\nRestriction: Permission of ENGR-Mechanical Engineering department.\nCredit only granted for: ENME414 or ENME272.",
  "grading-method": [
    "Reg",
    "P-F",
    "Aud"
  ],
  "sections": [
    {
      "id": "WB11",
      "instructors": [
        "Mohammad Fazelpour"
      ],
      "seats": 42,
      "open-seats": 23,
      "waitlist": 0,
      "days": "MTuWF",
      "start": "1:00pm",
      "end": "4:00pm",
      "building": "",
      "room": "ONLINE"
    }
  ],
  "term": "202112",
  "department": "Engineering, Mechanical",
  "updated": "2022-01-21T18:35:16.009452Z"
}