{
  "id": "ENME361",
  "title": "Vibration, Controls and Optimization I",
  "credits": "3",
  "description": "Prerequisite: ENES220, ENES221, and MATH246; and (MATH206 or ENME202).\nRestriction: Must be in Engineering: Mechanical program.",
  "grading-method": [
    "Reg",
    "P-F",
    "Aud"
  ],
  "sections": [
    {
      "id": "WB11",
      "instructors": [
        "Vincent Nguyen"
      ],
      "seats": 50,
      "open-seats": 35,
      "waitlist": 0,
      "days": "MTuWThF",
      "start": "10:00am",
      "end": "1:00pm",
      "building": "",
      "room": "ONLINE"
    }
  ],
  "term": "202112",
  "department": "Engineering, Mechanical",
  "updated": "2022-01-21T18:35:17.087766Z"
}