{
  "id": "ENME462",
  "title": "Vibrations, Controls, and Optimization II",
  "credits": "3",
  "description": "Prerequisite: ENME361.\nRestriction: Permission of the Mechanical Engineering Department.",
  "grading-method": [
    "Reg",
    "P-F",
    "Aud"
  ],
  "sections": [
    {
      "id": "WB11",
      "instructors": [
        "Munther Hassouneh"
      ],
      "seats": 40,
      "open-seats": 21,
      "waitlist": 0,
      "days": "MTuWThF",
      "start": "8:00am",
      "end": "11:00am",
      "building": "",
      "room": "ONLINE"
    }
  ],
  "term": "202112",
  "department": "Engineering, Mechanical",
  "updated": "2022-01-21T18:35:20.357387Z"
}