{
  "id": "ENME400",
  "title": "Machine Design",
  "credits": "3",
  "description": "Prerequisite: Must have completed or be concurrently enrolled in ENME361.\nRestriction: Permission of ENGR-Mechanical Engineering department.",
  "grading-method": [
    "Reg",
    "P-F",
    "Aud"
  ],
  "sections": [
    {
      "id": "0101",
      "instructors": [
        "Chandrasekhar Thamire"
      ],
      "seats": 70,
      "open-seats": 21,
      "waitlist": 0,
      "days": "MTuWThF",
      "start": "11:00am",
      "end": "2:50pm",
      "building": "ESJ",
      "room": "2208"
    }
  ],
  "term": "202112",
  "department": "Engineering, Mechanical",
  "updated": "2022-01-21T18:35:18.177246Z"
}