{
  "id": "ENME445",
  "title": "Design for Reliability",
  "credits": "3",
  "description": "Restriction: Junior standing or higher.",
  "grading-method": [
    "Reg",
    "P-F"
  ],
  "sections": [
    {
      "id": "WB11",
      "instructors": [
        "Baldev Raheja"
      ],
      "seats": 27,
      "open-seats": 1,
      "waitlist": 0,
      "days": "",
      "start": "",
      "end": "",
      "building": "",
      "room": "ONLINE"
    }
  ],
  "term": "202112",
  "department": "Engineering, Mechanical",
  "updated": "2022-01-21T18:35:19.264338Z"
}