{
  "id": "HESI217",
  "title": "Introduction to Student Leadership",
  "credits": "3",
  "description": "Restriction: Freshman standing; or sophomore standing.",
  "grading-method": [
    "Reg",
    "P-F",
    "Aud"
  ],
  "sections": [
    {
      "id": "WB11",
      "instructors": [
        "Shakia Asamoah"
      ],
      "seats": 20,
      "open-seats": 13,
      "waitlist": 0,
      "days": "",
      "start": "",
      "end": "",
      "building": "",
      "room": "ONLINE"
    }
  ],
  "term": "202112",
  "department": "Higher Ed, Student Affairs, and International Ed Policy",
  "updated": "2022-01-21T18:36:55.206029Z"
}