{
  "id": "HESI318A",
  "title": "Applied Contextual Leadership; Leadership in Film",
  "credits": "3",
  "description": "This online course asks students to think about leadership in a new way by finding leadership lessons from film. This course will ask students to watch a number of films (including some documentaries) and connect each of the films to leadership readings and personal experience.",
  "grading-method": [
    "Reg",
    "P-F",
    "Aud"
  ],
  "sections": [
    {
      "id": "WB11",
      "instructors": [
        "Jia Zheng"
      ],
      "seats": 20,
      "open-seats": 15,
      "waitlist": 0,
      "days": "",
      "start": "",
      "end": "",
      "building": "",
      "room": "ONLINE"
    }
  ],
  "term": "202112",
  "department": "Higher Ed, Student Affairs, and International Ed Policy",
  "updated": "2022-01-21T18:36:56.282051Z"
}