{
  "id": "HESI318E",
  "title": "Applied Contextual Leadership; Exploring Strengths and Values for Effective Leadership",
  "credits": "3",
  "description": "Students will explore strengths and values of individuals and teams to better understand how to engage in effective, collaborative leadership. Tools such as the Gallup Organization's CliftonStrengths Assessment will be used with a critical lens. Themes of teamwork, problem-solving, diversity and inclusion, coaching others, and conflict resolution are woven throughout the course. (Students with previous credit for HESI418E Strengths-Based Leadership are not eligible to take this course. Contact leadershipstudies@umd.edu with questions.)",
  "grading-method": [
    "Reg",
    "P-F",
    "Aud"
  ],
  "sections": [
    {
      "id": "WB11",
      "instructors": [
        "Noel Kuriakos"
      ],
      "seats": 20,
      "open-seats": 12,
      "waitlist": 0,
      "days": "",
      "start": "",
      "end": "",
      "building": "",
      "room": "ONLINE"
    }
  ],
  "term": "202112",
  "department": "Higher Ed, Student Affairs, and International Ed Policy",
  "updated": "2022-01-21T18:36:57.365176Z"
}