{
  "id": "SLLC368D",
  "title": "Special Topics in Film Studies I; Action, Adventure, and Spectacle Film in World Cinema",
  "credits": "3",
  "description": "Critical study of some of the most important examples of action, adventure, and spectacle cinema from the international and transnational perspectives. Exploration of the historical, esthetic, generic, institutional, and political significance of these films.\n\nCross-listed with CINE329D. Credit only granted for: CINE329D, SLLC368D, or FILM329D.",
  "grading-method": [
    "Reg",
    "P-F",
    "Aud"
  ],
  "sections": [
    {
      "id": "WB11",
      "instructors": [
        "Jason Kuo"
      ],
      "seats": 25,
      "open-seats": 9,
      "waitlist": 0,
      "days": "",
      "start": "",
      "end": "",
      "building": "",
      "room": "ONLINE"
    }
  ],
  "term": "202112",
  "department": "School of Languages, Literatures and Cultures",
  "updated": "2022-01-21T18:39:55.410003Z"
}