{
  "id": "SLLC368C",
  "title": "Special Topics in Film Studies I; Digital Imaging and Storytelling in Contemporary World Cinema",
  "credits": "3",
  "description": "Through screenings, readings, and discussions, this asynchronous online course offers students the opportunity to examine major films (such as 300, Hero, Hugo, Hulk, Life of Pi, Minority Report, and Tron: Legacy) in terms of the narrative power of digital visual effects in contemporary world cinema. We will screen films in different genres in order to understand current artistic, critical, ideological, and theoretical debates in cinema and media studies.\n\nCross-listed with CINE329C. Credit only granted for: CINE329C, SLLC368C, or FILM329C.",
  "grading-method": [
    "Reg",
    "P-F",
    "Aud"
  ],
  "sections": [
    {
      "id": "WB11",
      "instructors": [
        "Jason Kuo"
      ],
      "seats": 25,
      "open-seats": 20,
      "waitlist": 0,
      "days": "",
      "start": "",
      "end": "",
      "building": "",
      "room": "ONLINE"
    }
  ],
  "term": "202112",
  "department": "School of Languages, Literatures and Cultures",
  "updated": "2022-01-21T18:39:54.332213Z"
}