{
  "id": "SLLC368L",
  "title": "Special Topics in Film Studies I; ANIMATION ON TV",
  "credits": "3",
  "description": "Examines the history of animated works designed specifically for the television medium.\n\nCross-listed with CINE319L. Credit only granted for: CINE319L, SLLC368L, or FILM319L.",
  "grading-method": [
    "Reg",
    "P-F",
    "Aud"
  ],
  "sections": [
    {
      "id": "WB11",
      "instructors": [
        "Paul Cote"
      ],
      "seats": 25,
      "open-seats": 16,
      "waitlist": 0,
      "days": "",
      "start": "",
      "end": "",
      "building": "",
      "room": "ONLINE"
    }
  ],
  "term": "202112",
  "department": "School of Languages, Literatures and Cultures",
  "updated": "2022-01-21T18:39:56.504161Z"
}