{
  "id": "SLLC368T",
  "title": "Special Topics in Film Studies I; Sports in Film",
  "credits": "3",
  "description": "Explores the intertwined global developments of sports, cinema, and politics during the 20th and 21st centuries.\n\nCross-listed with CINE329T. Credit only granted for: CINE329T, SLLC368T, or FILM329T.",
  "grading-method": [
    "Reg",
    "P-F",
    "Aud"
  ],
  "sections": [
    {
      "id": "WB11",
      "instructors": [
        "Daniel Richter"
      ],
      "seats": 25,
      "open-seats": 25,
      "waitlist": 0,
      "days": "",
      "start": "",
      "end": "",
      "building": "",
      "room": "ONLINE"
    }
  ],
  "term": "202112",
  "department": "School of Languages, Literatures and Cultures",
  "updated": "2022-01-21T18:39:57.593664Z"
}