{
  "id": "BSCI342",
  "title": "Biology of Reproduction",
  "credits": "3",
  "description": "Prerequisite: BSCI170 and BSCI171; or BSCI105; or permission of the Harriet Tubman Department of Women, Gender, and Sexuality Studies; or permission of CMNS-Biological Sciences UG Program.\nCross-listed with: WGSS326.\nCredit only granted for: BSCI342, WMST326 or WGSS326.\nFormerly: WMST326.",
  "grading-method": [
    "Reg",
    "P-F",
    "Aud"
  ],
  "sections": [
    {
      "id": "WB11",
      "instructors": [
        "Justicia Opoku-Edusei"
      ],
      "seats": 30,
      "open-seats": 13,
      "waitlist": 0,
      "days": "",
      "start": "",
      "end": "",
      "building": "",
      "room": "ONLINE"
    }
  ],
  "term": "202112",
  "department": "Biological Sciences Program",
  "updated": "2022-01-21T18:32:16.118017Z"
}