{
  "id": "BSCI348M",
  "title": "Special Topics in Cell Biology and Molecular Genetics; Epidemiology of Microbial Pathogens",
  "credits": "3",
  "description": "Acceptable towards Biological Sciences areas: MICB and GENB. Prerequisite: BSCI105.\n\nStudy of infectious bacteria and viruses acting at the population level in humans and animals. Identification of causes and spread of infection.",
  "grading-method": [
    "Reg",
    "P-F",
    "Aud"
  ],
  "sections": [
    {
      "id": "WB11",
      "instructors": [
        "Jeffrey Olimpo"
      ],
      "seats": 28,
      "open-seats": 9,
      "waitlist": 0,
      "days": "",
      "start": "",
      "end": "",
      "building": "",
      "room": "ONLINE"
    }
  ],
  "term": "202112",
  "department": "Biological Sciences Program",
  "updated": "2022-01-21T18:32:18.267928Z"
}