{
  "id": "BSCI348J",
  "title": "Special Topics in Cell Biology and Molecular Genetics; Medical Microbiology",
  "credits": "3",
  "description": "Prerequisite: BSCI105 (grade of B or better) or BSCI223 or BSCI283. Credit only granted for BSCI424 or BSCI348J. Mechanisms of pathogenesis detection, prevention and treatment of bacterial, viral and parasitic pathogens of humans.",
  "grading-method": [
    "Reg",
    "Aud"
  ],
  "sections": [
    {
      "id": "WB11",
      "instructors": [
        "Volker Briken"
      ],
      "seats": 13,
      "open-seats": 1,
      "waitlist": 0,
      "days": "",
      "start": "",
      "end": "",
      "building": "",
      "room": "ONLINE"
    }
  ],
  "term": "202112",
  "department": "Biological Sciences Program",
  "updated": "2022-01-21T18:32:17.197628Z"
}