{
  "id": "BSCI222",
  "title": "Principles of Genetics",
  "credits": "4",
  "description": "Prerequisite: CHEM131 and CHEM132; and (BSCI160 and BSCI161; or BSCI106); and (BSCI170 and BSCI171; or BSCI105). Or must have completed BSCI105 or (BSCI170 and BSCI171); and two semesters of chemistry.",
  "grading-method": [
    "Reg",
    "P-F",
    "Aud"
  ],
  "sections": [
    {
      "id": "WB11",
      "instructors": [
        "Tammatha O'Brien"
      ],
      "seats": 75,
      "open-seats": 8,
      "waitlist": 0,
      "days": "",
      "start": "",
      "end": "",
      "building": "",
      "room": "ONLINE"
    }
  ],
  "term": "202112",
  "department": "Biological Sciences Program",
  "updated": "2022-01-21T18:32:13.944307Z"
}