{
  "id": "BSCI361",
  "title": "Principles of Ecology",
  "credits": "4",
  "description": "Prerequisite: BSCI160 and BSCI161; or BSCI106. And (MATH130, MATH136, or MATH140).",
  "grading-method": [
    "Reg",
    "P-F"
  ],
  "sections": [
    {
      "id": "WB11",
      "instructors": [
        "Marcia Shofner"
      ],
      "seats": 30,
      "open-seats": 13,
      "waitlist": 0,
      "days": "",
      "start": "",
      "end": "",
      "building": "",
      "room": "ONLINE"
    }
  ],
  "term": "202112",
  "department": "Biological Sciences Program",
  "updated": "2022-01-21T18:32:21.713926Z"
}