{
  "id": "BSCI399L",
  "title": "Biology Department Research; Biology Lab Research",
  "credits": "1",
  "description": "",
  "grading-method": [
    "Reg",
    "P-F",
    "Aud"
  ],
  "sections": [
    {
      "id": "0101",
      "instructors": [
        "Reid Compton"
      ],
      "seats": 10,
      "open-seats": 10,
      "waitlist": 0,
      "days": "",
      "start": "",
      "end": "",
      "building": "",
      "room": ""
    }
  ],
  "term": "202112",
  "department": "Biological Sciences Program",
  "updated": "2022-01-21T18:32:23.835707Z"
}