{
  "id": "BSCI348R",
  "title": "Special Topics in Cell Biology and Molecular Genetics; Microbiology Internship",
  "credits": "1",
  "description": "(Sponsoring Dept.: CBMG). An opportunity for students interested in microbiology to pursue a research project in an off-campus lab. The student must see the instructor and complete an information sheet found on the web site, prior to enrolling in the course. Web site: https://go.umd.edu/SqU",
  "grading-method": [
    "Reg",
    "P-F",
    "Aud"
  ],
  "sections": [
    {
      "id": "I101",
      "instructors": [
        "David Straney"
      ],
      "seats": 5,
      "open-seats": 5,
      "waitlist": 0,
      "days": "",
      "start": "",
      "end": "",
      "building": "",
      "room": ""
    }
  ],
  "term": "202112",
  "department": "Biological Sciences Program",
  "updated": "2022-01-21T18:32:19.574201Z"
}