{
  "id": "BSCI338Z",
  "title": "Special Topics in Biology; Field Research",
  "credits": "1",
  "description": "(Sponsoring Dept: BIOL). Cannot be used as credit toward the major requirements for any Biological Sciences major.",
  "grading-method": [
    "Reg",
    "P-F",
    "Aud"
  ],
  "sections": [
    {
      "id": "01Z1",
      "instructors": [
        "Hadiya Woodham"
      ],
      "seats": 10,
      "open-seats": 10,
      "waitlist": 0,
      "days": "",
      "start": "",
      "end": "",
      "building": "",
      "room": ""
    }
  ],
  "term": "202112",
  "department": "Biological Sciences Program",
  "updated": "2022-01-21T18:32:15.045281Z"
}