{
  "id": "BSCI433",
  "title": "Biology of Cancer",
  "credits": "3",
  "description": "Prerequisite: BSCI222 and BSCI330; or permission of CMNS-Biological Sciences UG Program.",
  "grading-method": [
    "Reg",
    "P-F",
    "Aud"
  ],
  "sections": [
    {
      "id": "WB11",
      "instructors": [
        "Beth Parent"
      ],
      "seats": 30,
      "open-seats": 0,
      "waitlist": 0,
      "days": "",
      "start": "",
      "end": "",
      "building": "",
      "room": "ONLINE"
    }
  ],
  "term": "202112",
  "department": "Biological Sciences Program",
  "updated": "2022-01-21T18:32:24.908909Z"
}