{
  "id": "BSCI353",
  "title": "Principles of Neuroscience",
  "credits": "3",
  "description": "Prerequisite: 1 course with a minimum grade of C- from (BSCI207, BSCI330).\nCorequisite: PHYS122, PHYS142, or PHYS132.",
  "grading-method": [
    "Reg",
    "P-F",
    "Aud"
  ],
  "sections": [
    {
      "id": "WB11",
      "instructors": [
        "Chan Lin"
      ],
      "seats": 30,
      "open-seats": 6,
      "waitlist": 0,
      "days": "",
      "start": "",
      "end": "",
      "building": "",
      "room": "ONLINE"
    }
  ],
  "term": "202112",
  "department": "Biological Sciences Program",
  "updated": "2022-01-21T18:32:20.644624Z"
}