{
  "id": "ARHU230",
  "title": "Introduction to Humanities, Health, and Medicine",
  "credits": "3",
  "description": "Restriction: Permission of ARHU-School of Languages, Literatures, and Cultures department.\nCross-listed with: ENGL254, HIST219N, WGSS230.\nCredit only granted for: ARHU230 , ENGL289C, ENGL254, ARHU298A, HIST219N, or WGSS230.",
  "grading-method": [
    "Reg",
    "P-F",
    "Aud"
  ],
  "sections": [
    {
      "id": "WB11",
      "instructors": [
        "Robert Lucci"
      ],
      "seats": 20,
      "open-seats": 0,
      "waitlist": 0,
      "days": "TuTh",
      "start": "11:30am",
      "end": "2:00pm",
      "building": "",
      "room": "ONLINE"
    }
  ],
  "term": "202112",
  "department": "Arts and Humanities",
  "updated": "2022-01-21T18:31:43.685284Z"
}