{
  "id": "GERM399O",
  "title": "Selected Topics in Germanic Studies; Encountering the Other in Contemporary German Society (1945-2021)",
  "credits": "3",
  "description": "A study of artists and authors with a migrant and/or ethnic minority background and their representations of self and others in literature, film, art, and music. Course taught in English.\n\nGerman Majors may receive credit for upper-level culture course requirements upon consultation with their advisor.",
  "grading-method": [
    "Reg",
    "P-F",
    "Aud"
  ],
  "sections": [
    {
      "id": "WB11",
      "instructors": [
        "Regina Ianozi"
      ],
      "seats": 25,
      "open-seats": 19,
      "waitlist": 0,
      "days": "",
      "start": "",
      "end": "",
      "building": "",
      "room": "ONLINE"
    }
  ],
  "term": "202112",
  "department": "Germanic Studies",
  "updated": "2022-01-21T18:36:43.731801Z"
}