{
  "id": "BCHM677",
  "title": "Computational Tools in Biochemistry",
  "credits": "1",
  "description": "Prerequisite: BCHM674 or BCHM671; or permission of instructor.\nRestriction: Must be in one of the following programs (Biochemistry (Master's); Biochemistry (Doctoral)) ; or permission of instructor.",
  "grading-method": [
    "S-F"
  ],
  "sections": [
    {
      "id": "0101",
      "instructors": [
        "Douglas Julin"
      ],
      "seats": 20,
      "open-seats": 10,
      "waitlist": 0,
      "days": "MWF",
      "start": "9:00am",
      "end": "12:50pm",
      "building": "ESJ",
      "room": "2212"
    }
  ],
  "term": "202112",
  "department": "Biochemistry",
  "updated": "2022-01-21T18:31:54.823295Z"
}