{
  "id": "SPHL612",
  "title": "Research Ethics",
  "credits": "1",
  "description": "Restriction: Must be a graduate student in the School of Public Health.\nCredit only granted for: EPIB641, KNES689Y or SPHL612.\nFormerly: EPIB641, KNES689Y.",
  "grading-method": [
    "Reg",
    "Aud",
    "S-F"
  ],
  "sections": [
    {
      "id": "WB11",
      "instructors": [
        "Stephen Roth"
      ],
      "seats": 12,
      "open-seats": 6,
      "waitlist": 0,
      "days": "MWF",
      "start": "9:00am",
      "end": "11:00am",
      "building": "",
      "room": "ONLINE"
    }
  ],
  "term": "202112",
  "department": "Public Health",
  "updated": "2022-01-21T18:40:11.886777Z"
}