{
  "id": "EDCP620",
  "title": "Introduction to Mental Disorders",
  "credits": "3",
  "description": "Credit only granted for: EDCP789W or EDCP620.\nFormerly: EDCP789W.",
  "grading-method": [
    "Reg",
    "Aud"
  ],
  "sections": [
    {
      "id": "WB11",
      "instructors": [
        "Brittany Patterson"
      ],
      "seats": 36,
      "open-seats": 23,
      "waitlist": 0,
      "days": "MTuTh",
      "start": "4:00pm",
      "end": "7:00pm",
      "building": "",
      "room": "ONLINE"
    }
  ],
  "term": "202112",
  "department": "Education Counseling and Personnel Services",
  "updated": "2022-01-21T18:33:59.653262Z"
}