{
  "id": "EDCP694",
  "title": "Student Leadership Development",
  "credits": "3",
  "description": "Credit only granted for: EDCP694 or EDCP789D.\nFormerly: EDCP789D.",
  "grading-method": [
    "Reg",
    "Aud"
  ],
  "sections": [
    {
      "id": "WB11",
      "instructors": [
        "Melissa Rocco"
      ],
      "seats": 20,
      "open-seats": 8,
      "waitlist": 0,
      "days": "",
      "start": "",
      "end": "",
      "building": "",
      "room": "ONLINE"
    }
  ],
  "term": "202112",
  "department": "Education Counseling and Personnel Services",
  "updated": "2022-01-21T18:34:01.806278Z"
}