{
  "id": "EDCP888A",
  "title": "Apprenticeship in Counseling and Personnel Services",
  "credits": "1",
  "description": "",
  "grading-method": [
    "Reg",
    "Aud"
  ],
  "sections": [
    {
      "id": "0170",
      "instructors": [
        "Julie Park"
      ],
      "seats": 1,
      "open-seats": 0,
      "waitlist": 0,
      "days": "",
      "start": "",
      "end": "",
      "building": "",
      "room": ""
    }
  ],
  "term": "202112",
  "department": "Education Counseling and Personnel Services",
  "updated": "2022-01-21T18:34:10.315711Z"
}