{
  "id": "EDCP665",
  "title": "Family and Social Support Systems",
  "credits": "3",
  "description": "Recommended: EDCP610.",
  "grading-method": [
    "Reg",
    "Aud"
  ],
  "sections": [
    {
      "id": "WB11",
      "instructors": [
        "Ileana Gonzalez"
      ],
      "seats": 20,
      "open-seats": 6,
      "waitlist": 0,
      "days": "MWF",
      "start": "10:00am",
      "end": "3:00pm",
      "building": "",
      "room": "ONLINE"
    }
  ],
  "term": "202112",
  "department": "Education Counseling and Personnel Services",
  "updated": "2022-01-21T18:34:00.727937Z"
}