{
  "id": "EDCP789R",
  "title": "Advanced Topics in Counseling and Personnel Services; College Teaching Seminar",
  "credits": "1",
  "description": "",
  "grading-method": [
    "Reg",
    "Aud"
  ],
  "sections": [
    {
      "id": "0101",
      "instructors": [
        "Candace Moore"
      ],
      "seats": 10,
      "open-seats": 10,
      "waitlist": 0,
      "days": "",
      "start": "",
      "end": "",
      "building": "",
      "room": ""
    }
  ],
  "term": "202112",
  "department": "Education Counseling and Personnel Services",
  "updated": "2022-01-21T18:34:05.045706Z"
}