{
  "id": "EDCP798L",
  "title": "Special Problems in Counseling and Personnel Services; Chicana/Latina Feminist Approaches to Educational Research",
  "credits": "3",
  "description": "",
  "grading-method": [
    "Reg",
    "Aud",
    "S-F"
  ],
  "sections": [
    {
      "id": "WB11",
      "instructors": [
        "Michelle Espino"
      ],
      "seats": 15,
      "open-seats": 8,
      "waitlist": 0,
      "days": "Th",
      "start": "4:00pm",
      "end": "6:30pm",
      "building": "",
      "room": "ONLINE"
    }
  ],
  "term": "202112",
  "department": "Education Counseling and Personnel Services",
  "updated": "2022-01-21T18:34:07.154808Z"
}