{
  "id": "EDCP498",
  "title": "Special Problems in Counseling and Personnel Services",
  "credits": "1",
  "description": "",
  "grading-method": [
    "Reg",
    "P-F",
    "Aud"
  ],
  "sections": [
    {
      "id": "0151",
      "instructors": [
        "Candace Moore"
      ],
      "seats": 5,
      "open-seats": 5,
      "waitlist": 0,
      "days": "",
      "start": "",
      "end": "",
      "building": "",
      "room": ""
    }
  ],
  "term": "202112",
  "department": "Education Counseling and Personnel Services",
  "updated": "2022-01-21T18:33:58.575734Z"
}