{
  "id": "MUSC220",
  "title": "Selected Musical Cultures of the World",
  "credits": "3",
  "description": "Restriction: Must not be in any of the following programs: (Music (Professional Program); Music Education).",
  "grading-method": [
    "Reg"
  ],
  "sections": [
    {
      "id": "WB11",
      "instructors": [
        "Jackson Mann"
      ],
      "seats": 40,
      "open-seats": 24,
      "waitlist": 0,
      "days": "",
      "start": "",
      "end": "",
      "building": "",
      "room": "ONLINE"
    }
  ],
  "term": "202112",
  "department": "School of Music",
  "updated": "2022-01-21T18:39:01.584352Z"
}