{
  "id": "MUSC140",
  "title": "Music Fundamentals I",
  "credits": "3",
  "description": "Restriction: Must not be in any of the following programs (Music (Professional Program); Music Education).",
  "grading-method": [
    "Reg",
    "P-F",
    "Aud"
  ],
  "sections": [
    {
      "id": "WB11",
      "instructors": [
        "Isador Miller"
      ],
      "seats": 20,
      "open-seats": 9,
      "waitlist": 0,
      "days": "TuWThF",
      "start": "10:00am",
      "end": "12:00pm",
      "building": "",
      "room": "ONLINE"
    }
  ],
  "term": "202112",
  "department": "School of Music",
  "updated": "2022-01-21T18:38:59.414459Z"
}