{
  "id": "MUSC699",
  "title": "Selected Topics in Music",
  "credits": "3",
  "description": "",
  "grading-method": [
    "Reg",
    "Aud",
    "S-F"
  ],
  "sections": [
    {
      "id": "0101",
      "instructors": [
        "Robert DiLutis"
      ],
      "seats": 3,
      "open-seats": 2,
      "waitlist": 0,
      "days": "",
      "start": "",
      "end": "",
      "building": "",
      "room": ""
    }
  ],
  "term": "202112",
  "department": "School of Music",
  "updated": "2022-01-21T18:39:02.670878Z"
}