{
  "id": "MUSC205",
  "title": "History of Popular Music, 1950-Present",
  "credits": "3",
  "description": "A historical survey of rock music (blues, rock, soul, metal, rap, etc.) from circa 1950 to the present, with emphasis on popular music as music and popular music as social history.",
  "grading-method": [
    "Reg",
    "P-F",
    "Aud"
  ],
  "sections": [
    {
      "id": "WB11",
      "instructors": [
        "Julia Kuhlman"
      ],
      "seats": 40,
      "open-seats": 0,
      "waitlist": 0,
      "days": "",
      "start": "",
      "end": "",
      "building": "",
      "room": "ONLINE"
    }
  ],
  "term": "202112",
  "department": "School of Music",
  "updated": "2022-01-21T18:39:00.488878Z"
}