{
  "id": "UNIV099",
  "title": "Internship Seminar",
  "credits": "0",
  "description": "Restriction: Must have earned a minimum cumulative GPA of 2.0 (undergraduates) or 3.0 (graduate students); and Permission of the Career Center; and permission of instructor.",
  "grading-method": [
    "S-F"
  ],
  "sections": [
    {
      "id": "I101",
      "instructors": [
        "Jenny Sak",
        "Erica Ely"
      ],
      "seats": 10,
      "open-seats": 5,
      "waitlist": 0,
      "days": "",
      "start": "",
      "end": "",
      "building": "",
      "room": ""
    }
  ],
  "term": "202112",
  "department": "University Courses",
  "updated": "2022-01-21T18:40:37.141999Z"
}